wsif_year,school_organization_id,school_name,student_group,school_level,regular_attendance_numerator,regular_attendance_denominator,regular_attendance_rate
2017,"102,958",A G West Black Hills High School,All Students,High,2254,2632,0.856382978723404
2017,"102,498",ACES High School,All Students,High,187,677,0.276218611521418
2017,"101,835",Adna Middle/High School,All Students,Middle,914,1148,0.79616724738676
2017,"102,633",AIM High School,All Students,High,227,528,0.429924242424242
2017,"101,143",Aki Kurose Middle School,All Students,Middle,1894,2228,0.850089766606822
2017,"101,505",Albert Einstein Middle School,All Students,Middle,1994,2176,0.916360294117647
2017,"102,543",Alderwood Middle School,All Students,Middle,1973,2264,0.871466431095406
2017,"100,558",Alki Middle School,All Students,Middle,1873,2126,0.880997177798683
2017,"100,814",Almira Coulee Hartline High School,All Students,High,205,218,0.940366972477064
2017,"101,725",Alternative High School,All Students,High,252,670,0.376119402985075
2017,"100,635",Amboy Middle School,All Students,Middle,1195,1785,0.669467787114846
2017,"102,391",Anacortes High School,All Students,High,1924,2372,0.811129848229342
2017,"102,392",Anacortes Middle School,All Students,Middle,1117,1268,0.880914826498423
2017,"103,836",Angelo Giaudrone Middle School,All Students,Middle,1367,1989,0.687280040221217
2017,"102,563",Arlington High School,All Students,High,4126,4946,0.83420946219167
2017,"100,353",Asotin Jr Sr High,All Students,High,974,1113,0.875112309074573
2017,"104,893",Aspire Middle School,All Students,Middle,873,951,0.917981072555205
2017,"104,154",Auburn Mountainview High School,All Students,High,3663,4595,0.797170837867247
2017,"101,432",Auburn Riverside High School,All Students,High,3808,4907,0.776034236804565
2017,"101,417",Auburn Senior High School,All Students,High,3417,4969,0.68766351378547
2017,"102,960",Avanti High School,All Students,High,334,493,0.677484787018256
2017,"102,051",Aylen Jr High,All Students,High,1601,2037,0.785959744722631
2017,"101,690",Bainbridge High School,All Students,High,3471,3856,0.900155601659751
2017,"101,071",Ballard High School,All Students,High,4542,5261,0.86333396692644
2017,"102,056",Ballou Jr High,All Students,High,2065,2501,0.825669732107157
2017,"104,221",Bates Technical High School,All Students,High,,856,
2017,"100,634",Battle Ground High School,All Students,High,5477,6537,0.837846106776809
2017,"101,477",Beaver Lake Middle School,All Students,Middle,,2609,
2017,"101,357",Bellevue High School,All Students,High,4424,4887,0.905258850010231
2017,"103,061",Bellingham High School,All Students,High,2566,3222,0.796399751707014
2017,"102,293",Bethel High School,All Students,High,3800,5015,0.757726819541376
2017,"102,295",Bethel Middle School,All Students,Middle,1690,2020,0.836633663366337
2017,"101,792",Bickleton Elementary & High Schl,All Students,High,,274,
2017,"103,090",Blaine High School,All Students,High,1739,2073,0.838880849011095
2017,"103,091",Blaine Middle School,All Students,Middle,1269,1449,0.875776397515528
2017,"100,967",Blue Heron Middle School,All Students,Middle,932,1161,0.80275624461671
2017,"104,138",Bonney Lake High School,All Students,High,3295,4171,0.789978422440662
2017,"101,629",Bothell High School,All Students,High,4470,5018,0.890793144679155
2017,"102,793",Bowdish Middle School,All Students,Middle,1150,1519,0.75707702435813
2017,"101,674",Bremerton High School,All Students,High,2782,3765,0.738911022576361
2017,"101,956",Brewster High School,All Students,High,609,737,0.826322930800543
2017,"101,958",Brewster Middle School,All Students,Middle,574,638,0.899686520376176
2017,"103,844",Bridgeport Aurora High School,All Students,High,45,61,0.737704918032787
2017,"100,721",Bridgeport High School,All Students,High,475,663,0.716440422322775
2017,"100,722",Bridgeport Middle School,All Students,Middle,571,616,0.926948051948052
2017,"102,549",Brier Terrace Middle School,All Students,Middle,1702,1970,0.863959390862944
2017,"102,366",Burlington Edison High School,All Students,High,2266,3305,0.685627836611195
2017,"100,629",Camas High School,All Students,High,,6339,
2017,"100,584",Canyon Creek Middle School,All Students,Middle,655,734,0.892370572207085
2017,"101,640",Canyon Park Middle School,All Students,Middle,2148,2414,0.889809444904723
2017,"104,953",Cap Sante High School,All Students,High,90,217,0.414746543778802
2017,"102,976",Capital High School,All Students,High,3621,4277,0.84662146364274
2017,"104,881",Career Academy at Truman High School,All Students,High,142,436,0.325688073394495
2017,"100,411",Carmichael Middle School,All Students,Middle,2485,2908,0.854539202200825
2017,"102,450",Cascade High School,All Students,High,3946,5503,0.717063419952753
2017,"100,449",Cascade High School,All Students,High,1080,1317,0.82004555808656
2017,"101,414",Cascade Middle School,All Students,Middle,1820,2283,0.797196671046868
2017,"101,283",Cascade Middle School,All Students,Middle,1374,1746,0.786941580756014
2017,"102,382",Cascade Middle School,All Students,Middle,1527,1870,0.816577540106952
2017,"100,675",Cascade Middle School,All Students,Middle,1269,1584,0.801136363636364
2017,"100,600",Cascade Middle School,All Students,Middle,2300,2768,0.830924855491329
2017,"100,441",CASHMERE HIGH SCHOOL,All Students,High,1328,1470,0.903401360544218
2017,"100,439",CASHMERE MIDDLE SCHOOL,All Students,Middle,1298,1422,0.912798874824191
2017,"100,687",Castle Rock High School,All Students,High,1053,1232,0.854707792207792
2017,"100,690",Castle Rock Middle School,All Students,Middle,713,818,0.871638141809291
2017,"104,420",Cavelero Mid High School,All Students,High,3624,3893,0.930901618289237
2017,"101,752",Cedar Heights Middle School,All Students,Middle,1951,2243,0.869817209094962
2017,"101,610",Cedar Heights Middle School,All Students,Middle,1810,2023,0.894710825506673
2017,"101,408",Cedarcrest High School,All Students,High,2683,2954,0.908259986459039
2017,"102,304",Cedarcrest Middle School,All Students,Middle,1543,1926,0.801142263759086
2017,"102,853",Centennial Middle School,All Students,Middle,1629,1942,0.838825952626159
2017,"102,636",Centennial Middle School,All Students,Middle,1975,2340,0.844017094017094
2017,"101,717",Central Kitsap High School,All Students,High,3564,4498,0.792352156514006
2017,"101,722",Central Kitsap Middle School,All Students,Middle,1484,1706,0.869871043376319
2017,"102,790",Central Valley High School,All Students,High,4413,6307,0.699698747423498
2017,"101,868",Centralia High School,All Students,High,2277,3237,0.703429101019462
2017,"101,875",Centralia Middle School,All Students,Middle,1079,1595,0.676489028213166
2017,"102,285",Challenger High School,All Students,High,386,989,0.390293225480283
2017,"100,345",Charles Francis Adams High School,All Students,High,1777,2407,0.738263398421271
2017,"102,747",Chase Middle School,All Students,Middle,1774,2234,0.794091316025067
2017,"101,861",Chehalis Middle School,All Students,Middle,1603,1972,0.812880324543611
2017,"100,437",Chelan High School,All Students,High,1135,1305,0.869731800766284
2017,"100,434",Chelan Middle School,All Students,Middle,915,1030,0.888349514563107
2017,"102,817",Cheney High School,All Students,High,2001,3756,0.532747603833866
2017,"102,812",Cheney Middle School,All Students,Middle,1272,1519,0.837393021724819
2017,"104,883",Chiawana High School,All Students,High,5474,7580,0.722163588390501
2017,"100,412",Chief Joseph Middle School,All Students,Middle,1898,2359,0.804578211106401
2017,"101,452",Chief Kanim Middle School,All Students,Middle,2089,2284,0.9146234676007
2017,"100,832",Chief Moses Middle School,All Students,Middle,2267,2766,0.819595083152567
2017,"101,118",Chief Sealth International High School,All Students,High,2542,3536,0.718891402714932
2017,"104,740",Chief Umtuch Middle,All Students,Middle,1622,1769,0.916902204635387
2017,"100,954",Chimacum High School,All Students,High,781,1026,0.761208576998051
2017,"100,955",Chimacum Middle School,All Students,Middle,543,663,0.819004524886878
2017,"101,281",Chinook Middle School,All Students,Middle,1559,1850,0.842702702702703
2017,"101,371",Chinook Middle School,All Students,Middle,2945,3113,0.946032765820752
2017,"102,928",Chinook Middle School,All Students,Middle,2471,2870,0.860975609756098
2017,"105,990",Chinook Middle School,All Students,Middle,643,801,0.802746566791511
2017,"100,506",Clallam Bay High & Elementary,All Students,High,306,385,0.794805194805195
2017,"101,785",Cle Elum Roslyn High School,All Students,High,657,834,0.787769784172662
2017,"101,089",Cleveland High School STEM,All Students,High,2036,2547,0.799371809972517
2017,"102,218",Clover Park High School,All Students,High,1919,3683,0.521042628292153
2017,"103,142",Colfax High School,All Students,High,848,911,0.930845225027442
2017,"105,789",College Place High School,All Students,High,654,815,0.802453987730061
2017,"102,553",College Place Middle School,All Students,Middle,1351,1561,0.865470852017937
2017,"102,897",Columbia High And Elementary,All Students,High,333,467,0.713062098501071
2017,"101,811",Columbia High School,All Students,High,902,1160,0.777586206896552
2017,"103,033",Columbia High School,All Students,High,704,836,0.842105263157895
2017,"103,859",Columbia Junior High School,All Students,Middle,1532,1741,0.879954049396898
2017,"103,031",Columbia Middle School,All Students,Middle,500,571,0.875656742556918
2017,"100,540",Columbia River High,All Students,High,2991,3725,0.802953020134228
2017,"102,886",Colville Junior High School,All Students,Middle,860,1203,0.714879467996675
2017,"102,885",Colville Senior High School,All Students,High,1321,1676,0.7881861575179
2017,"103,227",Compass High School,All Students,High,84,250,0.336
2017,"103,245",Computer Academy Toppenish High School,All Students,High,512,746,0.686327077747989
2017,"102,361",Concrete High School,All Students,High,533,771,0.691309987029831
2017,"100,783",Connell High School,All Students,High,1585,1796,0.882516703786192
2017,"103,864",Cougar Mountain Middle School,All Students,Middle,1472,1771,0.831168831168831
2017,"100,932",Coupeville High School,All Students,High,747,931,0.802363050483351
2017,"100,934",Coupeville Middle School,All Students,Middle,612,699,0.875536480686695
2017,"100,597",Covington Middle School,All Students,Middle,2570,3225,0.796899224806202
2017,"100,712",Coweeman Middle School,All Students,Middle,1534,1760,0.871590909090909
2017,"101,889",Creston Jr-Sr High School,All Students,High,122,145,0.841379310344828
2017,"104,897",Crossroads High School,All Students,High,248,568,0.436619718309859
2017,"100,745",Curlew Elem & High School,All Students,High,441,554,0.796028880866426
2017,"102,175",Curtis Junior High,All Students,Middle,2669,2984,0.894436997319035
2017,"102,177",Curtis Senior High,All Students,High,3550,4434,0.80063148398737
2017,"102,015",Cusick Jr Sr High School,All Students,High,310,437,0.709382151029748
2017,"102,651",Darrington Sr High School,All Students,High,335,417,0.803357314148681
2017,"101,902",Davenport Senior High School,All Students,High,853,1023,0.833822091886608
2017,"101,107",David T. Denny International Middle School,All Students,Middle,2205,2626,0.83968012185834
2017,"103,175",Davis High School,All Students,High,4488,6648,0.675090252707581
2017,"104,348",Daybreak Middle,All Students,Middle,1331,1507,0.883211678832117
2017,"100,656",Dayton High School,All Students,High,274,438,0.625570776255708
2017,"100,658",Dayton Middle School,All Students,Middle,198,249,0.795180722891566
2017,"101,210",Decatur High School,All Students,High,2561,4200,0.609761904761905
2017,"102,859",Deer Park High School,All Students,High,1609,1974,0.815096251266464
2017,"102,858",Deer Park Middle School,All Students,Middle,1193,1453,0.821059876118376
2017,"100,373",Desert Hills Middle School,All Students,Middle,,2840,
2017,"105,795",Desert Oasis High School,All Students,High,116,282,0.411347517730496
2017,"105,878",Destiny Middle School,All Students,Middle,229,269,0.851301115241636
2017,"101,334",Dimmitt Middle School,All Students,Middle,2206,2892,0.762793914246196
2017,"105,627",Discovery High School,All Students,High,418,684,0.611111111111111
2017,"105,905",Discovery High School-Achieve,All Students,High,48,57,0.842105263157895
2017,"100,560",Discovery Middle School,All Students,Middle,1524,2044,0.74559686888454
2017,"102,840",Dishman Hills High School,All Students,High,385,1196,0.32190635451505
2017,"103,831",Eagle Harbor High School,All Students,High,312,399,0.781954887218045
2017,"100,892",East Grays Harbor High School,All Students,High,107,136,0.786764705882353
2017,"103,211",East Valley Central Middle School,All Students,Middle,1853,2124,0.87241054613936
2017,"103,208",East Valley High School,All Students,High,2055,2651,0.775179177668804
2017,"102,829",East Valley High School,All Students,High,2624,3288,0.798053527980535
2017,"105,772",East Valley Middle School,All Students,Middle,1205,1569,0.768005098789038
2017,"101,565",Eastlake High School,All Students,High,4683,5125,0.913756097560976
2017,"100,732",Eastmont Junior High,All Students,Middle,2284,2738,0.83418553688824
2017,"100,727",Eastmont Senior High,All Students,High,3263,4207,0.775612075112907
2017,"102,315",Eatonville High School,All Students,High,1368,2051,0.666991711360312
2017,"102,318",Eatonville Middle School,All Students,Middle,1002,1180,0.849152542372881
2017,"101,101",Eckstein Middle School,All Students,Middle,2576,2806,0.918032786885246
2017,"102,046",Edgemont Jr High,All Students,High,1032,1260,0.819047619047619
2017,"102,523",Edmonds Woodway High School,All Students,High,3651,5010,0.72874251497006
2017,"103,194",Eisenhower High School,All Students,High,3855,6247,0.617096206178966
2017,"102,453",Eisenhower Middle School,All Students,Middle,2286,2573,0.888457054022542
2017,"100,775",Ellen Ochoa Middle School,All Students,Middle,2184,2464,0.886363636363636
2017,"101,774",Ellensburg High School,All Students,High,2123,2951,0.719417146729922
2017,"100,893",Elma High School,All Students,High,1092,1521,0.717948717948718
2017,"100,895",Elma Middle School,All Students,Middle,788,972,0.810699588477366
2017,"102,071",Emerald Ridge High School,All Students,High,3360,4703,0.714437593025728
2017,"101,546",Emerson High School,All Students,High,65,258,0.251937984496124
2017,"105,780",Endeavor Middle School,All Students,Middle,585,791,0.739570164348925
2017,"103,154",Endicott/St John Elem and Middle,All Students,Middle,268,306,0.875816993464052
2017,"100,419",Enterprise Middle School,All Students,Middle,2950,3412,0.864595545134818
2017,"100,431",Entiat Middle and High School,All Students,Middle,447,574,0.778745644599303
2017,"101,236",Enumclaw Middle School,All Students,Middle,1116,1349,0.827279466271312
2017,"101,231",Enumclaw Sr High School,All Students,High,3053,4150,0.73566265060241
2017,"100,841",Ephrata High School,All Students,High,1577,2173,0.725724804417856
2017,"100,844",Ephrata Middle School,All Students,Middle,946,1119,0.845397676496872
2017,"102,437",Everett High School,All Students,High,2862,4438,0.644885083370888
2017,"100,592",Evergreen High School,All Students,High,3750,5477,0.684681394924229
2017,"101,556",Evergreen Middle School,All Students,Middle,2857,3050,0.93672131147541
2017,"102,799",Evergreen Middle School,All Students,Middle,1792,2205,0.812698412698413
2017,"102,449",Evergreen Middle School,All Students,Middle,2349,2964,0.79251012145749
2017,"100,576",Excelsior High School,All Students,High,66,202,0.326732673267327
2017,"102,497",Explorer Middle School,All Students,Middle,2610,2935,0.889267461669506
2017,"103,050",Fairhaven Middle School,All Students,Middle,1640,1865,0.879356568364611
2017,"101,724",Fairview Middle School,All Students,Middle,1376,1652,0.832929782082324
2017,"101,186",Federal Way High School,All Students,High,3284,4751,0.691222900442012
2017,"103,078",Ferndale High School,All Students,High,3186,4461,0.714189643577673
2017,"102,727",Ferris High School,All Students,High,4102,5352,0.76644245142003
2017,"102,064",Ferrucci Jr High,All Students,High,1638,2077,0.788637457871931
2017,"102,332",Fife High School,All Students,High,2078,2456,0.846091205211726
2017,"100,395",Finley Middle School,All Students,Middle,541,652,0.829754601226994
2017,"101,535",Finn Hill Middle School,All Students,Middle,1663,1831,0.908246859639541
2017,"104,896",First Creek Middle School,All Students,Middle,1906,2402,0.793505412156536
2017,"100,470",Foothills Middle School,All Students,Middle,1503,1849,0.812871822606815
2017,"100,512",Forks Junior-Senior High School,All Students,Middle,1090,1364,0.799120234604106
2017,"100,521",Fort Vancouver High School,All Students,High,2744,4710,0.582590233545648
2017,"101,398",Foster Senior High School,All Students,High,2093,2801,0.747233131024634
2017,"101,062",Franklin High School,All Students,High,3210,3943,0.814100938371798
2017,"103,181",Franklin Middle School,All Students,Middle,1979,2585,0.765570599613153
2017,"102,271",Franklin Pierce High School,All Students,High,2980,3627,0.821615660325338
2017,"102,807",Freeman High School,All Students,High,906,992,0.913306451612903
2017,"103,957",Freeman Middle School,All Students,Middle,642,691,0.929088277858177
2017,"102,352",Friday Harbor High School,All Students,High,618,850,0.727058823529412
2017,"102,353",Friday Harbor Middle School,All Students,Middle,307,385,0.797402597402598
2017,"102,310",Frontier Middle School,All Students,Middle,1932,2227,0.867534800179614
2017,"100,826",Frontier Middle School,All Students,Middle,1718,2166,0.793167128347184
2017,"100,616",Frontier Middle School,All Students,Middle,2102,2448,0.858660130718954
2017,"105,786",Futurus High School,All Students,High,179,265,0.675471698113208
2017,"100,549",Gaiser Middle School,All Students,Middle,2176,2735,0.795612431444241
2017,"103,918",Garfield at Palouse High School,All Students,High,30,86,0.348837209302326
2017,"101,080",Garfield High School,All Students,High,4125,5161,0.799263708583608
2017,"103,148",Garfield Middle School,All Students,Middle,73,83,0.879518072289157
2017,"103,020",Garrison Middle School,All Students,Middle,1560,1810,0.861878453038674
2017,"102,737",Garry Middle School,All Students,Middle,1300,1819,0.714678394722375
2017,"102,465",Gateway Middle School,All Students,Middle,2434,2573,0.945977458219977
2017,"102,957",George Washington Bush Middle Sch,All Students,Middle,1416,1581,0.895635673624289
2017,"105,988",Gibson Ek High School,All Students,High,96,109,0.880733944954129
2017,"102,260",Gig Harbor High,All Students,High,4291,5159,0.831750339213026
2017,"102,324",Glacier Middle School,All Students,Middle,2104,2378,0.884777123633305
2017,"104,722",Glacier Peak High School,All Students,High,4285,5344,0.801833832335329
2017,"104,768",Glacier View Junior High,All Students,Middle,2049,2510,0.816334661354582
2017,"104,233",Global Connections High School,All Students,High,1066,1596,0.667919799498747
2017,"102,723",Glover Middle School,All Students,Middle,1383,1820,0.75989010989011
2017,"101,808",Goldendale High School,All Students,High,708,947,0.747624076029567
2017,"101,809",Goldendale Middle School,All Students,Middle,664,796,0.834170854271357
2017,"102,250",Goodman Middle School,All Students,Middle,1444,1654,0.873035066505441
2017,"104,150",Graham Kapowsin High School,All Students,High,4821,5780,0.834083044982699
2017,"103,231",Grandview High School,All Students,High,1794,2636,0.680576631259484
2017,"103,234",Grandview Middle School,All Students,Middle,1970,2491,0.79084704937776
2017,"103,264",Granger High School,All Students,High,1233,1337,0.922213911742707
2017,"103,263",Granger Middle School,All Students,Middle,,1432,
2017,"102,655",Granite Falls High School,All Students,High,1532,1740,0.880459770114942
2017,"102,657",Granite Falls Middle School,All Students,Middle,1052,1245,0.844979919678715
2017,"101,906",Grapeview Elementary & Middle School,All Students,Middle,610,679,0.898379970544919
2017,"105,570",GRAVITY High School,All Students,High,,1559,
2017,"102,797",Greenacres Middle School,All Students,Middle,1956,2325,0.841290322580645
2017,"102,991",H.e.a.r.t. High School,All Students,High,74,101,0.732673267326733
2017,"104,002",Haller Middle School,All Students,Middle,1761,2068,0.851547388781431
2017,"101,086",Hamilton International Middle School,All Students,Middle,3030,3235,0.936630602782071
2017,"100,417",Hanford High School,All Students,High,4774,5713,0.835638018554175
2017,"100,869",Harbor High School,All Students,High,84,404,0.207920792079208
2017,"102,265",Harbor Ridge Middle School,All Students,Middle,1555,1800,0.863888888888889
2017,"102,505",Harbour Pointe Middle School,All Students,Middle,2371,2590,0.915444015444015
2017,"101,898",Harrington High School,All Students,High,94,142,0.661971830985916
2017,"103,241",Harrison Middle School,All Students,Middle,2014,2552,0.789184952978057
2017,"101,930",Hawkins Middle School,All Students,Middle,1119,1330,0.841353383458647
2017,"104,471",Hayes Freedom High School,All Students,High,315,460,0.684782608695652
2017,"101,342",Hazen Senior High School,All Students,High,3835,4814,0.796634815122559
2017,"102,463",Heatherwood Middle School,All Students,Middle,2610,2947,0.885646420088225
2017,"105,625",HeLa High School,All Students,High,1424,1575,0.904126984126984
2017,"102,248",Henderson Bay Alt High School,All Students,High,350,514,0.680933852140078
2017,"102,466",Henry M. Jackson High School,All Students,High,4918,6613,0.743686677755935
2017,"100,618",Heritage High School,All Students,High,3879,5771,0.672153872812338
2017,"102,615",Hidden River Middle School,All Students,Middle,1198,1335,0.897378277153558
2017,"102,629",High School Re Entry,All Students,High,45,91,0.494505494505495
2017,"100,349",Highland Elementary,All Students,High,869,1038,0.83718689788054
2017,"102,482",Highland Elementary,All Students,High,1958,2089,0.937290569650551
2017,"103,260",Highland High School,All Students,High,925,1096,0.843978102189781
2017,"103,257",Highland Junior High School,All Students,Middle,494,557,0.88689407540395
2017,"101,362",Highland Middle School,All Students,Middle,1473,1633,0.902020820575628
2017,"101,077",Highland Park Elementary School,All Students,High,950,1094,0.86837294332724
2017,"101,499",Highland Terrace Elementary,All Students,High,1404,1489,0.942914707857623
2017,"101,328",Highlands Elementary School,All Students,High,1555,1745,0.891117478510029
2017,"101,947",Highlands High School,All Students,High,30,86,0.348837209302326
2017,"100,366",Highlands Middle School,All Students,Middle,2383,2701,0.882265827471307
2017,"101,256",Highline High School,All Students,High,2607,3895,0.669319640564827
2017,"105,803",Highline Home School Center,All Students,High,,66,
2017,"105,799",Highline Open Doors 1418,All Students,High,,1066,
2017,"100,567",Hockinson High School,All Students,High,1612,2041,0.789808917197452
2017,"100,564",Hockinson Middle School,All Students,Middle,1143,1315,0.869201520912548
2017,"101,935",Hood Canal Elem & Junior High,All Students,Middle,665,935,0.711229946524064
2017,"100,878",Hoquiam High School,All Students,High,1108,1475,0.751186440677966
2017,"100,875",Hoquiam Middle School,All Students,Middle,972,1136,0.855633802816901
2017,"103,087",Horizon Middle School,All Students,Middle,1227,1487,0.825151311365165
2017,"102,804",Horizon Middle School,All Students,Middle,1233,1483,0.83142279163857
2017,"100,382",Horse Heaven Hills Middle School,All Students,Middle,2568,2755,0.932123411978221
2017,"100,401",Housel Middle School,All Students,Middle,1653,1908,0.866352201257862
2017,"100,538",Hudson's Bay High School,All Students,High,2637,3943,0.66878011666244
2017,"102,226",Hudtloff Middle School,All Students,Middle,1921,2272,0.845510563380282
2017,"100,709",Huntington Middle School,All Students,Middle,1525,1703,0.895478567234292
2017,"100,450",Icicle River Middle School,All Students,Middle,776,906,0.856512141280353
2017,"101,212",Illahee Middle School,All Students,Middle,2039,2338,0.872112917023097
2017,"101,983",Ilwaco High School,All Students,High,648,832,0.778846153846154
2017,"100,750",Inchelium High School,All Students,High,113,190,0.594736842105263
2017,"100,752",Inchelium Middle School,All Students,Middle,104,150,0.693333333333333
2017,"101,562",Inglewood Middle School,All Students,Middle,,3587,
2017,"101,123",Ingraham High School,All Students,High,3147,3844,0.818678459937565
2017,"101,383",Interlake Senior High School,All Students,High,4214,4882,0.863170831626383
2017,"101,245",Islander Middle School,All Students,Middle,3180,3372,0.943060498220641
2017,"101,463",Issaquah High School,All Students,High,6156,6761,0.910516195829019
2017,"101,461",Issaquah Middle School,All Students,Middle,2338,2533,0.923016186340308
2017,"100,868",J M Weatherwax High School,All Students,High,2095,2751,0.761541257724464
2017,"101,927",James A. Taylor High School,All Students,High,24,143,0.167832167832168
2017,"105,777",Jane Addams Middle School,All Students,Middle,2266,2523,0.898137138327388
2017,"100,543",Jason Lee Middle School,All Students,Middle,1510,1846,0.817984832069339
2017,"102,970",Jefferson Middle School,All Students,Middle,1160,1268,0.914826498422713
2017,"103,919",Jefferson Middle School,All Students,Middle,2112,2479,0.851956434045986
2017,"100,583",Jemtegaard Middle School,All Students,Middle,1244,1541,0.807268007787151
2017,"102,872",Jenkins Junior/Senior High,All Students,Middle,1024,1252,0.817891373801917
2017,"103,026",John Sager Middle School,All Students,Middle,820,968,0.847107438016529
2017,"101,757",John Sedgwick Middle School,All Students,Middle,1794,2098,0.855100095328885
2017,"101,544",Juanita High,All Students,High,3962,4347,0.911433172302738
2017,"103,003",Julius A Wendt Elementary/John C Thomas Middle School,All Students,Middle,877,963,0.910695742471443
2017,"100,788",Kahlotus Elem & High,All Students,High,119,141,0.843971631205674
2017,"100,692",Kalama Jr Sr High,All Students,High,1284,1544,0.83160621761658
2017,"102,048",Kalles Junior High,All Students,Middle,2291,2744,0.834912536443149
2017,"102,506",Kamiak High School,All Students,High,5605,6349,0.882816191526225
2017,"100,370",Kamiakin High School,All Students,High,4736,5313,0.891398456615848
2017,"101,548",Kamiakin Middle School,All Students,Middle,1553,1705,0.910850439882698
2017,"101,502",Kellogg Middle School,All Students,Middle,1789,1982,0.902623612512613
2017,"100,703",Kelso High School,All Students,High,3821,4766,0.801720520352497
2017,"101,635",Kenmore Middle School,All Students,Middle,1733,1942,0.892378990731205
2017,"100,363",Kennewick High School,All Students,High,4086,4805,0.850364203954215
2017,"101,615",Kentlake High School,All Students,High,3708,4561,0.812979609734707
2017,"101,574",Kent-Meridian High School,All Students,High,4473,6531,0.684887459807074
2017,"101,586",Kentridge High School,All Students,High,5774,6778,0.851873709058719
2017,"101,598",Kentwood High School,All Students,High,4931,6158,0.80074699577785
2017,"102,911",Kettle Falls High School,All Students,High,469,695,0.674820143884892
2017,"102,910",Kettle Falls Middle School,All Students,Middle,576,677,0.850812407680945
2017,"102,261",Key Peninsula Middle School,All Students,Middle,965,1201,0.803497085761865
2017,"101,208",Kilo Middle School,All Students,Middle,1336,1693,0.789131718842292
2017,"104,342",Kingston High School,All Students,High,1604,2445,0.656032719836401
2017,"101,710",Kingston Middle School,All Students,Middle,1277,1547,0.825468648998061
2017,"100,389",Kiona-Benton City High School,All Students,High,1164,1444,0.806094182825485
2017,"100,390",Kiona-Benton City Middle School,All Students,Middle,878,1007,0.871896722939424
2017,"101,523",Kirkland Middle School,All Students,Middle,,1761,
2017,"101,780",Kittitas High School,All Students,High,941,1100,0.855454545454546
2017,"101,803",Klickitat Elem & High,All Students,High,206,229,0.899563318777293
2017,"102,942",Komachin Middle School,All Students,Middle,2022,2313,0.874189364461738
2017,"102,263",Kopachuck Middle School,All Students,Middle,1471,1642,0.895858708891596
2017,"103,072",Kulshan Middle School,All Students,Middle,1455,1743,0.834767641996558
2017,"100,572",La Center High School,All Students,High,1431,1692,0.845744680851064
2017,"100,570",La Center Middle School,All Students,Middle,1083,1180,0.917796610169492
2017,"102,399",La Conner High School,All Students,High,449,657,0.683409436834094
2017,"102,401",La Conner Middle,All Students,Middle,339,417,0.81294964028777
2017,"102,411",La Venture Middle School,All Students,Middle,1546,1904,0.811974789915966
2017,"103,126",Lacrosse High School,All Students,High,56,115,0.486956521739131
2017,"100,901",Lake Quinault High School,All Students,High,138,258,0.534883720930233
2017,"100,855",Lake Roosevelt Jr/Sr High School,All Students,High,589,988,0.596153846153846
2017,"102,475",Lake Stevens Middle School,All Students,Middle,1711,1889,0.905770248808894
2017,"102,472",Lake Stevens Sr High School,All Students,High,4476,5585,0.801432408236347
2017,"101,524",Lake Washington High,All Students,High,4025,4678,0.860410431808465
2017,"102,191",Lakeridge Middle School,All Students,Middle,1620,1834,0.883315158124318
2017,"102,235",Lakes High School,All Students,High,3050,4271,0.714118473425427
2017,"102,756",Lakeside High School,All Students,High,1375,1587,0.866414618777568
2017,"102,757",Lakeside Middle School,All Students,Middle,950,1063,0.893697083725306
2017,"102,640",Lakewood High School,All Students,High,1656,2201,0.752385279418446
2017,"102,639",Lakewood Middle School,All Students,Middle,1422,1669,0.852007189934092
2017,"101,192",Lakota Middle School,All Students,Middle,1990,2371,0.839308308730493
2017,"103,128",Lamont Middle School,All Students,Middle,75,95,0.789473684210526
2017,"100,639",Laurin Middle School,All Students,Middle,1669,1916,0.871085594989562
2017,"100,607",Legacy High School,All Students,High,409,796,0.513819095477387
2017,"100,358",Legacy High School,All Students,High,411,786,0.522900763358779
2017,"101,643",Leota Middle School,All Students,Middle,2166,2407,0.899875363523058
2017,"102,700",Lewis & Clark High School,All Students,High,4611,5710,0.80753064798599
2017,"103,199",Lewis & Clark Middle School,All Students,Middle,1898,2553,0.743439091265178
2017,"100,550",Lewis and Clark High School,All Students,High,152,302,0.503311258278146
2017,"101,965",Liberty Bell Jr Sr High,All Students,High,534,794,0.672544080604534
2017,"102,837",Liberty High School,All Students,High,295,436,0.676605504587156
2017,"102,838",Liberty Jr High & Elementary,All Students,High,803,915,0.877595628415301
2017,"105,208",Liberty Middle School,All Students,Middle,1857,2184,0.850274725274725
2017,"104,207",Liberty Middle School,All Students,Middle,2163,2342,0.923569598633646
2017,"101,473",Liberty Sr High School,All Students,High,3392,3904,0.868852459016394
2017,"100,486",Lincoln High School,All Students,High,155,294,0.527210884353742
2017,"103,022",Lincoln High School,All Students,High,197,631,0.312202852614897
2017,"102,661",Lincoln Hill High School,All Students,High,272,441,0.616780045351474
2017,"100,346",Lincoln Middle School,All Students,Middle,1018,1226,0.830342577487765
2017,"103,138",Lincoln Middle School,All Students,Middle,1684,1873,0.899092365189535
2017,"105,556",Lind Ritzville Middle School,All Students,Middle,156,200,0.78
2017,"101,346",Lindbergh Senior High School,All Students,High,2816,3814,0.738332459360252
2017,"100,337",Lind-Ritzville High School,All Students,High,115,165,0.696969696969697
2017,"105,541",Lind-Ritzville Middle School,All Students,Middle,124,149,0.832214765100671
2017,"102,239",Lochburn Middle School,All Students,Middle,1276,1781,0.716451431779899
2017,"103,827",Loowit High School,All Students,High,43,106,0.405660377358491
2017,"102,347",Lopez Middle High School,All Students,Middle,196,299,0.655518394648829
2017,"101,816",Lyle High School,All Students,High,176,253,0.695652173913044
2017,"101,817",Lyle Middle School,All Students,Middle,118,149,0.791946308724832
2017,"103,097",Lynden High School,All Students,High,2388,2635,0.906261859582543
2017,"103,095",Lynden Middle School,All Students,Middle,1711,1846,0.926868905742145
2017,"102,554",Lynnwood High School,All Students,High,3606,4346,0.829728485964105
2017,"105,533",Mabton Jr. Sr. High,All Students,High,866,1170,0.74017094017094
2017,"101,091",Madison Middle School,All Students,Middle,2173,2462,0.882615759545085
2017,"102,228",Mann Middle School,All Students,Middle,1072,1259,0.851469420174742
2017,"100,738",Mansfield Elem and High School,All Students,High,221,298,0.741610738255034
2017,"100,426",Manson High School,All Students,High,454,611,0.743044189852701
2017,"105,530",Manson Middle School,All Students,Middle,389,458,0.849344978165939
2017,"101,439",Maple View Middle School,All Students,Middle,1875,2015,0.930521091811414
2017,"101,748",Marcus Whitman Middle School,All Students,Middle,1820,2185,0.832951945080092
2017,"102,493",Mariner High School,All Students,High,5493,6769,0.811493573644556
2017,"100,673",Mark Morris High School,All Students,High,2089,2912,0.717376373626374
2017,"101,921",Mary M Knight High School,All Students,High,122,175,0.697142857142857
2017,"102,903",Mary Walker High School,All Students,High,292,494,0.591093117408907
2017,"103,839",Marysville Arts and Technology High School,All Students,High,508,812,0.625615763546798
2017,"102,584",Marysville Middle School,All Students,Middle,1963,2445,0.802862985685072
2017,"102,590",Marysville Mountain View High School,All Students,High,228,580,0.393103448275862
2017,"105,222",Marysville Pilchuck High School,All Students,High,2650,3836,0.690823774765381
2017,"101,597",Mattson Middle School,All Students,Middle,1661,1902,0.8732912723449
2017,"101,467",Maywood Middle School,All Students,Middle,3081,3266,0.943355786895285
2017,"101,134",McClure Middle School,All Students,Middle,1444,1650,0.875151515151515
2017,"100,334",McFarland Middle School,All Students,Middle,2535,2782,0.911214953271028
2017,"101,333",McKnight Middle School,All Students,Middle,3283,3748,0.875933831376734
2017,"100,759",Mcloughlin Middle School,All Students,Middle,3814,4288,0.889458955223881
2017,"100,539",Mcloughlin Middle School,All Students,Middle,2299,2918,0.787868403015764
2017,"101,312",McMurray Middle School,All Students,Middle,1043,1155,0.903030303030303
2017,"102,768",Mead Alternative High School,All Students,High,290,338,0.857988165680473
2017,"102,770",Mead Senior High School,All Students,High,4273,4879,0.875794220127075
2017,"102,536",Meadowdale High School,All Students,High,4227,4886,0.865124846500205
2017,"102,530",Meadowdale Middle School,All Students,Middle,1977,2254,0.877107364685004
2017,"104,160",Medical Lake Alternative High School,All Students,High,82,123,0.666666666666667
2017,"102,760",Medical Lake High School,All Students,High,1282,1639,0.782184258694326
2017,"102,765",Medical Lake Middle School,All Students,Middle,1061,1204,0.881229235880399
2017,"101,592",Meeker Middle School,All Students,Middle,1688,1990,0.848241206030151
2017,"101,117",Mercer International Middle School,All Students,Middle,3089,3397,0.909331763320577
2017,"101,243",Mercer Island High School,All Students,High,3764,4406,0.854289605083977
2017,"103,102",Meridian High School,All Students,High,1272,1593,0.7984934086629
2017,"103,104",Meridian Middle School,All Students,Middle,798,885,0.901694915254237
2017,"101,578",Meridian Middle School,All Students,Middle,1761,1976,0.891194331983806
2017,"102,800",Mica Peak High School,All Students,High,75,337,0.222551928783383
2017,"100,973",Middle College High School,All Students,Middle,184,498,0.369477911646586
2017,"101,706",Middle School Options,All Students,Middle,77,88,0.875
2017,"104,031",Mill Creek Middle School,All Students,Middle,2225,2625,0.847619047619048
2017,"100,860",Miller Junior High,All Students,Middle,1138,1422,0.80028129395218
2017,"102,614",Monroe High School,All Students,High,4063,5086,0.798859614628392
2017,"100,888",Montesano Jr-Sr High,All Students,High,1736,1940,0.894845360824742
2017,"100,670",Monticello Middle School,All Students,Middle,1177,1490,0.78993288590604
2017,"101,771",Morgan Middle School,All Students,Middle,1936,2161,0.895881536325775
2017,"102,275",Morris Ford Middle School,All Students,Middle,2462,2831,0.869657364888732
2017,"101,832",Morton Junior-Senior High,All Students,Middle,218,483,0.451345755693582
2017,"100,835",Moses Lake High School,All Students,High,4660,7212,0.646145313366611
2017,"101,828",Mossyrock Jr./Sr. High School,All Students,High,576,678,0.849557522123894
2017,"103,297",Mount Adams Middle School,All Students,Middle,264,403,0.655086848635236
2017,"103,121",Mount Baker Junior High,All Students,Middle,696,839,0.829558998808105
2017,"102,415",Mount Baker Middle School,All Students,Middle,1701,2140,0.794859813084112
2017,"103,117",Mount Baker Senior High,All Students,High,1345,1704,0.789319248826291
2017,"101,291",Mount Rainier High School,All Students,High,3405,4999,0.681136227245449
2017,"101,450",Mount Si High School,All Students,High,4589,5461,0.840322285295734
2017,"102,405",Mount Vernon High School,All Students,High,4204,5927,0.709296440020246
2017,"100,609",Mountain View High School,All Students,High,4197,5756,0.729152189020153
2017,"102,197",Mountain View Middle School,All Students,Middle,1699,1958,0.867722165474975
2017,"101,683",Mountain View Middle School,All Students,Middle,2204,2621,0.840900419687142
2017,"102,772",Mountainside Middle School,All Students,Middle,2083,2309,0.902122130792551
2017,"102,528",Mountlake Terrace High School,All Students,High,2988,3918,0.762633996937213
2017,"101,431",Mt Baker Middle School,All Students,Middle,2526,2935,0.860647359454855
2017,"102,782",Mt Spokane High School,All Students,High,4121,4588,0.89821272885789
2017,"104,139",Mt. Solo Middle School,All Students,Middle,1187,1403,0.846044191019244
2017,"103,169",Naches Valley High School,All Students,High,1108,1379,0.803480783176215
2017,"103,171",Naches Valley Middle School,All Students,Middle,1028,1213,0.847485572959604
2017,"101,820",Napavine Jr Sr High School,All Students,High,,1125,
2017,"101,999",Naselle Jr Sr High Schools,All Students,High,384,475,0.808421052631579
2017,"101,131",Nathan Hale High School,All Students,High,2949,3562,0.827905670971364
2017,"100,505",Neah Bay Junior/ Senior High School,All Students,Middle,430,550,0.781818181818182
2017,"101,337",Nelsen Middle School,All Students,Middle,2384,3073,0.775789131142206
2017,"101,715",New Frontiers Jr High,All Students,High,44,97,0.45360824742268
2017,"100,769",New Horizons High School,All Students,High,268,1010,0.265346534653465
2017,"104,029",New Market High School,All Students,High,171,205,0.834146341463415
2017,"102,010",Newport High School,All Students,High,816,1078,0.7569573283859
2017,"101,379",Newport Senior High School,All Students,High,,5369,
2017,"102,930",Nisqually Middle School,All Students,Middle,2152,2479,0.868091972569584
2017,"103,110",Nooksack Valley High School,All Students,High,1123,1426,0.787517531556802
2017,"103,112",Nooksack Valley Middle School,All Students,Middle,910,1022,0.89041095890411
2017,"100,884",North Beach Junior High School,All Students,Middle,216,302,0.71523178807947
2017,"100,880",North Beach Senior High School,All Students,High,465,616,0.75487012987013
2017,"102,690",North Central High School,All Students,High,3154,4191,0.752565020281556
2017,"101,707",North Kitsap High School,All Students,High,2963,3479,0.851681517677494
2017,"102,477",North Lake Middle School,All Students,Middle,1937,2168,0.893450184501845
2017,"101,931",North Mason Senior High School,All Students,High,,2266,
2017,"102,439",North Middle School,All Students,Middle,1651,2108,0.783206831119545
2017,"102,786",North Pines Middle School,All Students,Middle,1127,1578,0.714195183776933
2017,"102,202",North Tapps Middle School,All Students,Middle,1415,1537,0.920624593363696
2017,"102,925",North Thurston High School,All Students,High,3838,4473,0.858037111558238
2017,"100,928",North Whidbey Middle School,All Students,Middle,1371,1609,0.85208203853325
2017,"102,907",Northport High School,All Students,High,135,193,0.699481865284974
2017,"101,648",Northshore Middle School,All Students,Middle,2004,2146,0.933830382106244
2017,"101,557",Northstar Middle School,All Students,Middle,,274,
2017,"104,341",Northwest Career and Technical High School,All Students,High,,455,
2017,"102,777",Northwood Middle School,All Students,Middle,2051,2313,0.88672719412019
2017,"101,613",Northwood Middle School,All Students,Middle,1837,1974,0.930597771023303
2017,"101,147",Nova High School,All Students,High,,1075,
2017,"100,921",Oak Harbor High School,All Students,High,3726,4855,0.76745623069001
2017,"103,163",Oakesdale High School,All Students,High,101,111,0.90990990990991
2017,"101,919",Oakland Bay Junior High School,All Students,Middle,1531,2059,0.74356483729966
2017,"102,160",Oakland High School,All Students,High,63,771,0.0817120622568093
2017,"100,913",Oakville High School,All Students,High,126,321,0.392523364485981
2017,"100,910",Ocosta Junior - Senior High,All Students,Middle,737,921,0.800217155266015
2017,"101,891",Odessa High School,All Students,High,289,316,0.914556962025316
2017,"101,384",Odle Middle School,All Students,Middle,,2659,
2017,"103,967",Okanogan Alternative High School,All Students,High,62,67,0.925373134328358
2017,"101,950",Okanogan High School,All Students,High,667,854,0.781030444964871
2017,"101,949",Okanogan Middle School,All Students,Middle,682,782,0.872122762148338
2017,"102,969",Olympia High School,All Students,High,4782,5467,0.874702762026706
2017,"101,729",Olympic High School,All Students,High,2866,3579,0.800782341436155
2017,"101,419",Olympic Middle School,All Students,Middle,1729,2296,0.753048780487805
2017,"103,835",Olympic Middle School,All Students,Middle,1447,1675,0.863880597014925
2017,"102,489",Olympic View Middle School,All Students,Middle,2337,2646,0.883219954648526
2017,"101,941",Omak High School,All Students,High,737,1241,0.593875906526994
2017,"101,945",Omak Middle School,All Students,Middle,708,905,0.78232044198895
2017,"101,848",Onalaska High School,All Students,High,520,684,0.760233918128655
2017,"101,850",Onalaska Middle School,All Students,Middle,398,474,0.839662447257384
2017,"103,042",Options High School,All Students,High,88,367,0.239782016348774
2017,"102,343",Orcas Island High School,All Students,High,263,394,0.66751269035533
2017,"102,345",Orcas Island Middle School,All Students,Middle,148,167,0.88622754491018
2017,"100,468",Orchard Middle School,All Students,Middle,1072,1245,0.861044176706827
2017,"100,718",Orondo Elementary and Middle School,All Students,Middle,460,532,0.864661654135338
2017,"101,976",Oroville Middle-High School,All Students,Middle,489,785,0.622929936305733
2017,"102,206",Orting High School,All Students,High,1907,2397,0.795577805590321
2017,"102,207",Orting Middle School,All Students,Middle,1518,1713,0.886164623467601
2017,"100,333",Othello High School,All Students,High,2450,3148,0.778271918678526
2017,"103,281",Pace Alternative High School,All Students,High,32,244,0.131147540983607
2017,"105,133",Pacific Cascade Middle School,All Students,Middle,,2946,
2017,"101,292",Pacific Middle School,All Students,Middle,1546,1954,0.791197543500512
2017,"100,612",Pacific Middle School,All Students,Middle,2688,3099,0.867376573088093
2017,"105,266",Paideia High School,All Students,High,117,148,0.790540540540541
2017,"103,916",Palouse at Garfield Middle School,All Students,Middle,106,121,0.87603305785124
2017,"103,145",Palouse High School,All Students,High,55,162,0.339506172839506
2017,"100,777",Palouse Junction High School,All Students,High,106,143,0.741258741258741
2017,"100,369",Park Middle School,All Students,Middle,2204,2522,0.87390959555908
2017,"104,156",Park Place Middle School,All Students,Middle,2112,2395,0.881837160751566
2017,"100,762",Pasco Senior High School,All Students,High,4922,6331,0.777444321592166
2017,"101,961",Pateros High School,All Students,High,383,433,0.884526558891455
2017,"102,251",Peninsula High School,All Students,High,3505,4294,0.816255239869586
2017,"102,277",Perry G Keithley Middle School,All Students,Middle,2083,2282,0.912795793163891
2017,"104,484",Phoenix High School,All Students,High,67,173,0.38728323699422
2017,"101,472",Pine Lake Middle School,All Students,Middle,2596,2735,0.949177330895795
2017,"102,024",Pioneer Middle,All Students,Middle,2187,2432,0.899259868421053
2017,"101,924",Pioneer Middle School,All Students,Middle,986,1174,0.839863713798978
2017,"103,017",Pioneer Middle School,All Students,Middle,1810,2054,0.881207400194742
2017,"100,466",Pioneer Middle School,All Students,Middle,1658,2007,0.826108619830593
2017,"100,642",Pleasant Valley Middle,All Students,Middle,1369,1551,0.882656350741457
2017,"100,790",Pomeroy Jr Sr High School,All Students,High,468,610,0.767213114754098
2017,"100,480",Port Angeles High School,All Students,High,2753,3530,0.779886685552408
2017,"102,667",Port Susan Middle School,All Students,Middle,1330,1548,0.859173126614987
2017,"100,962",Port Townsend High School,All Students,High,932,1148,0.81184668989547
2017,"102,565",Post Middle School,All Students,Middle,1474,1789,0.823923979877026
2017,"101,703",Poulsbo Middle School,All Students,Middle,2178,2515,0.866003976143141
2017,"100,643",Prairie High School,All Students,High,3998,4752,0.841329966329966
2017,"103,040",Prescott Jr Sr High,All Students,High,349,436,0.80045871559633
2017,"103,035",Preston Hall Middle School,All Students,Middle,142,186,0.763440860215054
2017,"100,399",Prosser High School,All Students,High,2262,2665,0.848780487804878
2017,"104,924",Puget Sound High School,All Students,High,140,238,0.588235294117647
2017,"103,134",Pullman High School,All Students,High,1985,2418,0.820926385442515
2017,"102,038",Puyallup High School,All Students,High,3867,5266,0.734333459931637
2017,"100,949",Quilcene High And Elementary,All Students,High,521,608,0.856907894736842
2017,"100,667",R A Long High School,All Students,High,1952,2781,0.70190578928443
2017,"100,804",Quincy High School,All Students,High,1588,2481,0.64006449012495
2017,"103,883",Quincy High Tech High,All Students,High,70,167,0.419161676646707
2017,"100,801",Quincy Junior High,All Students,Middle,973,1223,0.795584627964023
2017,"101,125",Rainier Beach High School,All Students,High,1367,1993,0.685900652282991
2017,"102,985",Rainier Middle School,All Students,Middle,472,545,0.86605504587156
2017,"101,429",Rainier Middle School,All Students,Middle,2393,2758,0.867657722987672
2017,"102,986",Rainier Senior High School,All Students,High,650,817,0.795593635250918
2017,"103,951",Raisbeck Aviation High School,All Students,High,1169,1260,0.927777777777778
2017,"101,989",Raymond Jr Sr High School,All Students,High,663,770,0.861038961038961
2017,"101,881",Reardan Middle-Senior High School,All Students,Middle,606,913,0.663745892661555
2017,"101,531",Redmond High,All Students,High,5111,5708,0.895409950946041
2017,"101,528",Redmond Middle School,All Students,Middle,2813,3060,0.919281045751634
2017,"102,212",Re-Entry High School,All Students,High,,17,
2017,"102,213",Re-Entry Middle School,All Students,Middle,,3,
2017,"102,972",Reeves Middle School,All Students,Middle,1166,1287,0.905982905982906
2017,"101,663",Renaissance Alternative High School,All Students,High,286,549,0.520947176684882
2017,"101,326",Renton Senior High School,All Students,High,2699,4010,0.673067331670823
2017,"103,961",Republic Junior High,All Students,Middle,101,136,0.742647058823529
2017,"100,756",Republic Senior High School,All Students,High,206,301,0.684385382059801
2017,"100,415",Richland High School,All Students,High,4788,6098,0.78517546736635
2017,"100,650",Ridgefield High School,All Students,High,1769,2294,0.771142109851787
2017,"104,204",Ridgeline Middle School,All Students,Middle,1688,1903,0.88702049395691
2017,"101,732",Ridgetop Middle School,All Students,Middle,1374,1634,0.840881272949816
2017,"100,340",Ritzville High School,All Students,High,265,379,0.699208443271768
2017,"102,943",River Ridge High School,All Students,High,2699,3498,0.7715837621498
2017,"100,393",River View High School,All Students,High,831,985,0.843654822335025
2017,"100,422",Rivers Edge High School,All Students,High,505,813,0.621156211562116
2017,"102,866",Riverside High School,All Students,High,1336,1456,0.917582417582418
2017,"102,864",Riverside Middle School,All Students,Middle,930,1030,0.902912621359223
2017,"100,780",Robert L Olds Junior High School,All Students,Middle,822,950,0.865263157894737
2017,"102,996",Rochester High School,All Students,High,1614,1976,0.816801619433198
2017,"102,994",Rochester Middle School,All Students,Middle,1298,1581,0.820999367488931
2017,"102,055",Rogers High School,All Students,High,3780,5473,0.690663255983921
2017,"102,709",Rogers High School,All Students,High,3049,4768,0.639471476510067
2017,"101,079",Roosevelt High School,All Students,High,4567,5183,0.881149913177696
2017,"101,541",Rose Hill Middle School,All Students,Middle,2243,2454,0.91401792991035
2017,"100,821",Royal High School,All Students,High,1062,1444,0.735457063711911
2017,"100,822",Royal Middle School,All Students,Middle,764,887,0.861330326944758
2017,"102,724",Sacajawea Middle School,All Students,Middle,2058,2382,0.863979848866499
2017,"101,203",Sacajawea Middle School,All Students,Middle,1880,2264,0.830388692579505
2017,"102,012",Sadie Halstead Middle School,All Students,Middle,858,1014,0.846153846153846
2017,"103,942",Sage Hills High School,All Students,High,52,192,0.270833333333333
2017,"101,223",Saghalie Middle School,All Students,Middle,1190,1562,0.761843790012804
2017,"106,003",Salish Middle School,All Students,Middle,650,721,0.901525658807212
2017,"102,728",Salk Middle School,All Students,Middle,1848,2228,0.829443447037702
2017,"101,367",Sammamish Senior High,All Students,High,2554,3077,0.830029249268768
2017,"102,556",Scriber Lake High School,All Students,High,279,938,0.297441364605544
2017,"102,377",Sedro Woolley Senior High School,All Students,High,2979,3616,0.823838495575221
2017,"103,069",Sehome High School,All Students,High,2892,3556,0.813273340832396
2017,"103,215",Selah High School,All Students,High,2727,3229,0.844533911427687
2017,"103,220",Selah Middle School,All Students,Middle,243,288,0.84375
2017,"105,890",Selah Middle School,All Students,Middle,1514,1685,0.898516320474777
2017,"105,270",Selkirk High School,All Students,High,184,264,0.696969696969697
2017,"105,269",Selkirk Middle School,All Students,Middle,128,162,0.790123456790123
2017,"100,499",Sequim Middle School,All Students,Middle,1591,1892,0.840909090909091
2017,"100,495",Sequim Senior High,All Students,High,2369,2995,0.790984974958264
2017,"102,459",Sequoia High School,All Students,High,191,810,0.235802469135802
2017,"104,146",Sequoyah Middle School,All Students,Middle,1462,1797,0.813578185865331
2017,"102,720",Shadle Park High School,All Students,High,3290,4191,0.785015509424958
2017,"100,620",Shahala Middle School,All Students,Middle,3089,3444,0.896922183507549
2017,"102,722",Shaw Middle School,All Students,Middle,1300,1812,0.717439293598234
2017,"101,913",Shelton High School,All Students,High,2015,3136,0.642538265306123
2017,"101,501",Shorecrest High School,All Students,High,3367,4089,0.823428711176327
2017,"104,814",Shoreline-Monroe High School,All Students,High,,1121,
2017,"101,507",Shorewood High School,All Students,High,3925,4804,0.817027477102415
2017,"101,397",Showalter Middle School,All Students,Middle,1795,2062,0.870514064015519
2017,"103,065",Shuksan Middle School,All Students,Middle,1611,1908,0.84433962264151
2017,"104,201",Sierra Vista Middle School,All Students,Middle,1673,2085,0.802398081534772
2017,"101,350",Skykomish High School,All Students,High,38,50,0.76
2017,"101,479",Skyline High School,All Students,High,6065,6551,0.925812852999542
2017,"100,627",Skyridge Middle School,All Students,Middle,2627,2771,0.948033201010466
2017,"100,561",Skyview High School,All Students,High,4856,6066,0.800527530497857
2017,"101,656",Skyview Middle School,All Students,Middle,2655,2968,0.894541778975741
2017,"100,816",Smokiam Alternative High School,All Students,High,,123,
2017,"102,623",Snohomish High School,All Students,High,3962,5220,0.759003831417625
2017,"100,818",Soap Lake Middle & High School,All Students,Middle,565,762,0.741469816272966
2017,"101,993",South Bend High School,All Students,High,560,692,0.809248554913295
2017,"101,743",South Kitsap High School,All Students,High,5516,6214,0.887672996459607
2017,"101,144",South Lake High School,All Students,High,35,342,0.10233918128655
2017,"102,939",South Sound High School,All Students,High,259,614,0.421824104234528
2017,"100,942",South Whidbey High School,All Students,High,1170,1453,0.805230557467309
2017,"100,940",South Whidbey Middle,All Students,Middle,686,938,0.73134328358209
2017,"100,384",Southridge High School,All Students,High,4394,5130,0.856530214424951
2017,"102,302",Spanaway Lake High School,All Students,High,3972,4947,0.802910855063675
2017,"102,297",Spanaway Middle School,All Students,Middle,1693,2144,0.78964552238806
2017,"102,843",Spokane Valley High School,All Students,High,254,327,0.776758409785933
2017,"101,878",Sprague High School,All Students,High,57,88,0.647727272727273
2017,"102,904",Springdale Middle School,All Students,Middle,213,334,0.637724550898204
2017,"103,073",Squalicum High School,All Students,High,3112,4148,0.750241080038573
2017,"103,160",St John/Endicott High,All Students,High,160,248,0.645161290322581
2017,"102,069",Stahl Junior High,All Students,Middle,2028,2605,0.778502879078695
2017,"102,663",Stanwood High School,All Students,High,3452,4219,0.818203365726476
2017,"102,662",Stanwood Middle School,All Students,Middle,1287,1483,0.867835468644639
2017,"102,374",State Street High School,All Students,High,458,742,0.617250673854447
2017,"102,028",Steilacoom High,All Students,High,2202,2868,0.767782426778243
2017,"105,904",Step Up to College Open Doors High School,All Students,High,,38,
2017,"100,484",Stevens Middle School,All Students,Middle,1377,1696,0.811910377358491
2017,"100,765",Stevens Middle School,All Students,Middle,2027,2402,0.843880099916736
2017,"102,426",Stevenson High School,All Students,High,717,960,0.746875
2017,"102,645",Sultan Middle School,All Students,Middle,1181,1367,0.863935625457206
2017,"102,648",Sultan Senior High School,All Students,High,1603,1714,0.935239206534422
2017,"101,437",Summit Trail Middle School,All Students,Middle,1734,1843,0.940857297883885
2017,"100,648",Summit View High School,All Students,High,1277,1373,0.930080116533139
2017,"105,885",Summit View Middle School,All Students,Middle,35,42,0.833333333333333
2017,"102,185",Sumner High School,All Students,High,4338,5616,0.772435897435897
2017,"102,188",Sumner Middle School,All Students,Middle,1934,2206,0.876699909338169
2017,"103,240",Sunnyside High School,All Students,High,4195,5758,0.728551580409865
2017,"102,335",Surprise Lake Middle School,All Students,Middle,1545,1734,0.891003460207612
2017,"101,271",Sylvester Middle School,All Students,Middle,1672,2110,0.792417061611374
2017,"104,149",Taholah Elementary & Middle School,All Students,Middle,224,365,0.613698630136986
2017,"100,897",Taholah High School,All Students,High,55,192,0.286458333333333
2017,"101,443",Tahoma Jr High,All Students,High,3310,3854,0.85884795018163
2017,"101,435",Tahoma Senior High School,All Students,High,4007,5494,0.729341099381143
2017,"105,524",Talley High School,All Students,High,407,1066,0.381801125703565
2017,"100,695",TEAM High School,All Students,High,210,290,0.724137931034483
2017,"103,131",Tekoa High School,All Students,High,247,288,0.857638888888889
2017,"102,999",Tenino High School,All Students,High,831,1101,0.754768392370572
2017,"103,000",Tenino Middle School,All Students,Middle,687,840,0.817857142857143
2017,"105,470",Tesla STEM High School,All Students,High,1593,1681,0.947650208209399
2017,"101,201",Thomas Jefferson High School,All Students,High,3665,5491,0.667455836823894
2017,"101,766",Thorp Elem & Jr Sr High,All Students,High,322,383,0.840731070496084
2017,"102,810",Three Springs High School,All Students,High,,149,
2017,"101,238",Thunder Mountain Middle School,All Students,Middle,1281,1410,0.908510638297872
2017,"102,982",Thurgood Marshall Middle School,All Students,Middle,1030,1147,0.897994768962511
2017,"101,454",Tiger Mountain Community High School,All Students,High,43,125,0.344
2017,"101,375",Tillicum Middle School,All Students,Middle,,2051,
2017,"101,660",Timbercrest Middle School,All Students,Middle,2096,2357,0.889266016122189
2017,"102,933",Timberline High School,All Students,High,4485,5299,0.846386110586903
2017,"101,226",Todd Beamer High School,All Students,High,3598,5252,0.685072353389185
2017,"101,844",Toledo High School,All Students,High,633,759,0.83399209486166
2017,"101,846",Toledo Middle School,All Students,Middle,442,521,0.848368522072937
2017,"101,409",Tolt Middle School,All Students,Middle,2038,2173,0.937873907040957
2017,"101,971",Tonasket High School,All Students,High,775,982,0.789205702647658
2017,"101,973",Tonasket Middle School,All Students,Middle,715,803,0.89041095890411
2017,"103,252",Toppenish High School,All Students,High,2191,2738,0.800219138056976
2017,"103,249",Toppenish Middle School,All Students,Middle,2311,2619,0.882397861779305
2017,"102,580",Totem Middle School,All Students,Middle,1258,1746,0.720504009163803
2017,"101,193",Totem Middle School,All Students,Middle,1663,2016,0.824900793650794
2017,"103,029",Touchet Elem & High School,All Students,High,571,689,0.828737300435414
2017,"100,682",Toutle Lake High School,All Students,High,793,928,0.854525862068966
2017,"104,732",Tukes Valley Middle School,All Students,Middle,1439,1596,0.901629072681704
2017,"102,950",Tumwater High School,All Students,High,3041,3681,0.82613420266232
2017,"102,951",Tumwater Middle School,All Students,Middle,1150,1412,0.814447592067989
2017,"102,356",Twin Cedars High School,All Students,High,,55,
2017,"104,746",Twin Falls Middle School,All Students,Middle,2145,2339,0.917058572039333
2017,"101,368",Tyee Middle School,All Students,Middle,,2960,
2017,"104,613",Union High School,All Students,High,5135,6346,0.809171131421368
2017,"102,795",University High School,All Students,High,3814,5430,0.702394106813996
2017,"102,630",Valley View Middle School,All Students,Middle,2142,2340,0.915384615384615
2017,"101,309",Vashon Island High School,All Students,High,1480,1761,0.840431572969903
2017,"100,653",View Ridge Middle School,All Students,Middle,1044,1215,0.859259259259259
2017,"103,084",Vista Middle School,All Students,Middle,1603,1855,0.864150943396226
2017,"102,504",Voyager Middle School,All Students,Middle,2233,2590,0.862162162162162
2017,"101,859",W F West High School,All Students,High,2456,2923,0.840232637700992
2017,"103,004",Wahkiakum High School,All Students,High,274,413,0.663438256658596
2017,"100,796",Wahluke High School,All Students,High,1278,1682,0.759809750297265
2017,"104,777",Wahluke Junior High,All Students,Middle,1357,1479,0.917511832319135
2017,"103,036",Waitsburg High School,All Students,High,249,323,0.770897832817338
2017,"102,060",Walker High School,All Students,High,102,466,0.218884120171674
2017,"103,019",Walla Walla High School,All Students,High,4233,5444,0.777553269654666
2017,"101,786",Walter Strom Middle School,All Students,Middle,495,610,0.811475409836066
2017,"103,280",Wapato High School,All Students,High,1874,2466,0.759935117599351
2017,"103,276",Wapato Middle School,All Students,Middle,1965,2440,0.805327868852459
2017,"100,809",Warden High School,All Students,High,812,961,0.844953173777315
2017,"100,810",Warden Middle School,All Students,Middle,537,602,0.89202657807309
2017,"102,279",Washington High School,All Students,High,2334,3059,0.76299444262831
2017,"102,974",Washington Middle School,All Students,Middle,2201,2367,0.929869032530629
2017,"103,179",Washington Middle School,All Students,Middle,1771,2321,0.76303317535545
2017,"101,167",Washington Middle School,All Students,Middle,2928,3358,0.871947587849911
2017,"104,998",Washington Virtual Academy Omak High School,All Students,High,,3336,
2017,"104,997",Washington Virtual Academy Omak Middle School,All Students,Middle,,4427,
2017,"100,581",Washougal High School,All Students,High,2315,2892,0.800484094052559
2017,"100,326",Washtucna Elementary/High School,All Students,High,107,131,0.816793893129771
2017,"100,741",Waterville High School,All Students,High,408,518,0.787644787644788
2017,"101,813",Wayne M Henkle Middle School,All Students,Middle,503,609,0.825944170771757
2017,"102,876",Wellpinit Alliance High School,All Students,High,25,47,0.531914893617021
2017,"102,877",Wellpinit High School,All Students,High,181,244,0.741803278688525
2017,"102,878",Wellpinit Middle School,All Students,Middle,195,236,0.826271186440678
2017,"103,849",Wellpinit-Fort Simcoe High School,All Students,High,,149,
2017,"100,459",Wenatchee High School,All Students,High,5111,6460,0.791176470588235
2017,"101,416",West Auburn Senior High School,All Students,High,207,880,0.235227272727273
2017,"101,072",West Seattle High School,All Students,High,2364,3032,0.779683377308707
2017,"103,289",West Valley High School,All Students,High,2676,3385,0.790546528803545
2017,"102,851",West Valley High School,All Students,High,2045,2658,0.769375470278405
2017,"105,231",West Valley High School Freshman Campus,All Students,High,1033,1199,0.861551292743953
2017,"103,293",West Valley Jr High,All Students,High,2213,2575,0.859417475728155
2017,"103,295",West Valley Middle School,All Students,Middle,2174,2453,0.886261720342438
2017,"102,567",Weston High School,All Students,High,154,428,0.35981308411215
2017,"100,455",Westside High School,All Students,High,556,854,0.651053864168618
2017,"105,485",Westwood Middle School,All Students,Middle,1279,1588,0.805415617128464
2017,"103,052",Whatcom Middle School,All Students,Middle,1724,1933,0.89187790998448
2017,"101,865",White Pass Jr. Sr. High School,All Students,High,516,689,0.748911465892598
2017,"102,329",White River High School,All Students,High,2997,3674,0.815732172019597
2017,"103,299",White Swan High School,All Students,High,410,724,0.566298342541437
2017,"101,124",Whitman Middle School,All Students,Middle,2406,2663,0.903492301915133
2017,"102,003",Willapa Valley Middle-High,All Students,Middle,429,519,0.826589595375723
2017,"100,850",Wilson Creek High,All Students,High,210,235,0.893617021276596
2017,"103,197",Wilson Middle School,All Students,Middle,2018,2565,0.786744639376218
2017,"102,427",Wind River Middle School,All Students,Middle,323,412,0.783980582524272
2017,"105,413",WINDWARD HIGH SCHOOL,All Students,High,312,446,0.699551569506727
2017,"101,840",Winlock Middle School,All Students,Middle,362,456,0.793859649122807
2017,"101,839",Winlock Senior High,All Students,High,459,561,0.818181818181818
2017,"100,907",Wishkah Valley Elementary/High School,All Students,High,400,441,0.90702947845805
2017,"101,789",Wishram High And Elementary Schl,All Students,High,221,253,0.873517786561265
2017,"102,237",Woodbrook Middle School,All Students,Middle,1323,1558,0.849165596919127
2017,"100,698",Woodland High School,All Students,High,1794,2070,0.866666666666667
2017,"105,913",Woodland Middle School,All Students,Middle,1470,1725,0.852173913043478
2017,"101,695",Woodward Middle School,All Students,Middle,1569,1731,0.906412478336222
2017,"100,608",Wyeast Middle School,All Students,Middle,2256,2675,0.843364485981308
2017,"102,916",Yelm High School 12,All Students,High,2958,3753,0.788169464428457
2017,"102,915",Yelm Middle School,All Students,Middle,1721,2106,0.817188983855651
2017,"103,267",Zillah High School,All Students,High,1151,1317,0.873955960516325
2017,"103,272",Zillah Middle School,All Students,Middle,574,667,0.860569715142429
2018,"102,958",A G West Black Hills High School,All Students,High,2299,2658,0.864936042
2018,"102,498",ACES High School,All Students,High,190,658,0.288753799
2018,"101,835",Adna Middle/High School,All Students,Middle,1055,1164,0.906357388
2018,"102,633",AIM High School,All Students,High,243,520,0.467307692
2018,"101,143",Aki Kurose Middle School,All Students,Middle,1903,2196,0.866575592
2018,"101,505",Albert Einstein Middle School,All Students,Middle,1978,2167,0.912782649
2018,"102,543",Alderwood Middle School,All Students,Middle,2089,2370,0.881434599
2018,"100,558",Alki Middle School,All Students,Middle,1802,2041,0.882900539
2018,"100,814",Almira Coulee Hartline High School,All Students,High,231,248,0.931451613
2018,"101,725",Alternative High School (Closed after 2016-2017 school year),All Students,High,195,484,0.402892562
2018,"100,635",Amboy Middle School,All Students,Middle,1145,1752,0.653538813
2018,"102,391",Anacortes High School,All Students,High,1933,2346,0.823955669
2018,"102,392",Anacortes Middle School,All Students,Middle,1372,1523,0.900853578
2018,"103,836",Angelo Giaudrone Middle School,All Students,Middle,1345,1996,0.673847695
2018,"102,563",Arlington High School,All Students,High,4051,4909,0.825218986
2018,"100,353",Asotin Jr Sr High,All Students,High,984,1137,0.865435356
2018,"104,893",Aspire Middle School,All Students,Middle,851,943,0.902439024
2018,"104,154",Auburn Mountainview High School,All Students,High,3661,4622,0.79208135
2018,"101,432",Auburn Riverside High School,All Students,High,3838,4935,0.777710233
2018,"101,417",Auburn Senior High School,All Students,High,3511,5162,0.680162728
2018,"102,960",Avanti High School,All Students,High,333,482,0.690871369
2018,"102,051",Aylen Jr High,All Students,High,1726,2188,0.788848263
2018,"101,690",Bainbridge High School,All Students,High,3426,3946,0.868220983
2018,"101,071",Ballard High School,All Students,High,4780,5513,0.867041538
2018,"102,056",Ballou Jr High,All Students,High,2185,2644,0.826399395
2018,"104,221",Bates Technical High School,All Students,High,,582,
2018,"100,634",Battle Ground High School,All Students,High,5378,6463,0.832121306
2018,"101,477",Beaver Lake Middle School,All Students,Middle,2427,2583,0.93960511
2018,"101,357",Bellevue High School,All Students,High,4497,4941,0.910139648
2018,"103,061",Bellingham High School,All Students,High,2631,3276,0.803113553
2018,"102,293",Bethel High School,All Students,High,3893,5180,0.751544402
2018,"102,295",Bethel Middle School,All Students,Middle,1721,2053,0.838285436
2018,"101,792",Bickleton Elementary & High Schl,All Students,High,301,305,0.986885246
2018,"103,090",Blaine High School,All Students,High,1649,2056,0.802042802
2018,"103,091",Blaine Middle School,All Students,Middle,1285,1479,0.868830291
2018,"100,967",Blue Heron Middle School,All Students,Middle,959,1210,0.792561983
2018,"104,138",Bonney Lake High School,All Students,High,3374,4360,0.773853211
2018,"101,629",Bothell High School,All Students,High,4480,4970,0.901408451
2018,"102,793",Bowdish Middle School,All Students,Middle,1111,1500,0.740666667
2018,"101,674",Bremerton High School,All Students,High,2697,3706,0.727738802
2018,"101,956",Brewster High School,All Students,High,606,746,0.81233244
2018,"101,958",Brewster Middle School,All Students,Middle,576,643,0.895800933
2018,"103,844",Bridgeport Aurora High School,All Students,High,30,64,0.46875
2018,"100,721",Bridgeport High School,All Students,High,524,692,0.757225434
2018,"100,722",Bridgeport Middle School,All Students,Middle,664,696,0.954022989
2018,"102,549",Brier Terrace Middle School,All Students,Middle,1696,1950,0.86974359
2018,"102,366",Burlington Edison High School,All Students,High,2103,3243,0.648473636
2018,"100,629",Camas High School,All Students,High,5969,6550,0.91129771
2018,"100,584",Canyon Creek Middle School,All Students,Middle,627,724,0.866022099
2018,"101,640",Canyon Park Middle School,All Students,Middle,2293,2524,0.908478605
2018,"104,953",Cap Sante High School,All Students,High,89,226,0.39380531
2018,"102,976",Capital High School,All Students,High,3582,4270,0.838875878
2018,"104,881",Career Academy at Truman High School,All Students,High,152,375,0.405333333
2018,"100,411",Carmichael Middle School,All Students,Middle,2378,2788,0.852941176
2018,"100,449",Cascade High School,All Students,High,1098,1313,0.836252856
2018,"102,450",Cascade High School,All Students,High,4068,5475,0.743013699
2018,"100,675",Cascade Middle School,All Students,Middle,1320,1658,0.796139928
2018,"101,283",Cascade Middle School,All Students,Middle,1339,1728,0.774884259
2018,"102,382",Cascade Middle School,All Students,Middle,1521,1897,0.801792304
2018,"101,414",Cascade Middle School,All Students,Middle,1874,2336,0.802226027
2018,"100,600",Cascade Middle School,All Students,Middle,2299,2824,0.814093484
2018,"100,441",CASHMERE HIGH SCHOOL,All Students,High,1329,1483,0.89615644
2018,"100,439",CASHMERE MIDDLE SCHOOL,All Students,Middle,1336,1440,0.927777778
2018,"100,687",Castle Rock High School,All Students,High,1077,1263,0.852731591
2018,"100,690",Castle Rock Middle School,All Students,Middle,725,845,0.857988166
2018,"104,420",Cavelero Mid High School,All Students,High,3635,3951,0.920020248
2018,"101,752",Cedar Heights Middle School,All Students,Middle,2036,2331,0.873444873
2018,"101,610",Cedar Heights Middle School,All Students,Middle,1791,2013,0.889716841
2018,"101,408",Cedarcrest High School,All Students,High,2671,2979,0.896609601
2018,"102,304",Cedarcrest Middle School,All Students,Middle,1595,1986,0.803121853
2018,"102,853",Centennial Middle School,All Students,Middle,1541,1931,0.798032108
2018,"102,636",Centennial Middle School,All Students,Middle,1947,2357,0.826050064
2018,"101,717",Central Kitsap High School,All Students,High,3580,4502,0.795202132
2018,"101,722",Central Kitsap Middle School,All Students,Middle,1708,1968,0.867886179
2018,"102,790",Central Valley High School,All Students,High,4501,6417,0.701418108
2018,"101,868",Centralia High School,All Students,High,2280,3224,0.70719603
2018,"101,875",Centralia Middle School,All Students,Middle,1114,1542,0.722438392
2018,"102,285",Challenger High School,All Students,High,413,960,0.430208333
2018,"100,345",Charles Francis Adams High School,All Students,High,1657,2420,0.684710744
2018,"102,747",Chase Middle School,All Students,Middle,1681,2167,0.775726811
2018,"101,861",Chehalis Middle School,All Students,Middle,1570,1939,0.809695719
2018,"100,437",Chelan High School,All Students,High,1187,1351,0.878608438
2018,"100,434",Chelan Middle School,All Students,Middle,901,1007,0.894736842
2018,"102,817",Cheney High School,All Students,High,2093,3827,0.54690358
2018,"102,812",Cheney Middle School,All Students,Middle,1270,1493,0.850636303
2018,"104,883",Chiawana Senior High School,All Students,High,5686,7900,0.719746835
2018,"100,412",Chief Joseph Middle School,All Students,Middle,1903,2368,0.803631757
2018,"101,452",Chief Kanim Middle School,All Students,Middle,2142,2335,0.917344754
2018,"100,832",Chief Moses Middle School,All Students,Middle,2282,2834,0.805222301
2018,"101,118",Chief Sealth International High School,All Students,High,2372,3366,0.704693999
2018,"104,740",Chief Umtuch Middle,All Students,Middle,1585,1740,0.91091954
2018,"100,954",Chimacum High School,All Students,High,759,1000,0.759
2018,"100,955",Chimacum Middle School,All Students,Middle,496,617,0.803889789
2018,"105,990",Chinook Middle School,All Students,Middle,1347,1719,0.783595113
2018,"101,281",Chinook Middle School,All Students,Middle,1512,1795,0.842339833
2018,"102,928",Chinook Middle School,All Students,Middle,2218,2601,0.852748943
2018,"101,371",Chinook Middle School,All Students,Middle,2886,3064,0.941906005
2018,"101,918",Choice Middle and High School,All Students,Middle,513,804,0.638059701
2018,"100,506",Clallam Bay High & Elementary,All Students,High,299,387,0.772609819
2018,"101,785",Cle Elum Roslyn High School,All Students,High,612,806,0.759305211
2018,"101,089",Cleveland High School STEM,All Students,High,2030,2581,0.786516854
2018,"102,218",Clover Park High School,All Students,High,1989,3764,0.528427205
2018,"103,142",Colfax High School,All Students,High,821,896,0.916294643
2018,"105,789",College Place High School,All Students,High,758,985,0.769543147
2018,"102,553",College Place Middle School,All Students,Middle,1303,1500,0.868666667
2018,"102,897",Columbia High And Elementary,All Students,High,333,467,0.713062099
2018,"103,033",Columbia High School,All Students,High,635,778,0.816195373
2018,"101,811",Columbia High School,All Students,High,867,1167,0.742930591
2018,"103,859",Columbia Junior High School,All Students,Middle,1051,1170,0.898290598
2018,"103,031",Columbia Middle School,All Students,Middle,457,525,0.87047619
2018,"100,540",Columbia River High,All Students,High,2876,3645,0.789026063
2018,"102,886",Colville Junior High School,All Students,Middle,833,1204,0.691860465
2018,"102,885",Colville Senior High School,All Students,High,1296,1630,0.795092025
2018,"103,227",Compass High School (Closed after 2016-2017 school year),All Students,High,41,139,0.294964029
2018,"103,245",Computer Academy Toppenish High School,All Students,High,348,577,0.603119584
2018,"102,361",Concrete High School,All Students,High,524,760,0.689473684
2018,"100,783",Connell High School,All Students,High,1608,1809,0.888888889
2018,"103,864",Cougar Mountain Middle School,All Students,Middle,1531,1828,0.837527352
2018,"100,932",Coupeville High School,All Students,High,718,913,0.786418401
2018,"100,934",Coupeville Middle School,All Students,Middle,616,705,0.873758865
2018,"100,597",Covington Middle School,All Students,Middle,2653,3283,0.808102345
2018,"100,712",Coweeman Middle School,All Students,Middle,1519,1754,0.866020525
2018,"101,889",Creston Jr-Sr High School,All Students,High,124,150,0.826666667
2018,"104,897",Crossroads High School,All Students,High,250,550,0.454545455
2018,"100,745",Curlew Elem & High School,All Students,High,510,625,0.816
2018,"102,175",Curtis Junior High,All Students,Middle,2645,2946,0.897827563
2018,"102,177",Curtis Senior High,All Students,High,3554,4402,0.807360291
2018,"102,015",Cusick Jr Sr High School,All Students,High,318,418,0.76076555
2018,"102,651",Darrington High School,All Students,High,319,396,0.805555556
2018,"101,902",Davenport Senior High School,All Students,High,830,1023,0.811339198
2018,"101,107",David T. Denny International Middle School,All Students,Middle,2104,2553,0.824128476
2018,"103,175",Davis High School,All Students,High,4609,6896,0.668358469
2018,"104,348",Daybreak Middle,All Students,Middle,1259,1459,0.862919808
2018,"100,656",Dayton High School,All Students,High,274,429,0.638694639
2018,"100,658",Dayton Middle School,All Students,Middle,196,246,0.796747967
2018,"101,210",Decatur High School,All Students,High,2566,4265,0.601641266
2018,"102,859",Deer Park High School,All Students,High,1657,2007,0.825610364
2018,"102,858",Deer Park Middle School,All Students,Middle,1180,1435,0.822299652
2018,"100,373",Desert Hills Middle School,All Students,Middle,2580,2729,0.945401246
2018,"105,795",Desert Oasis High School,All Students,High,133,287,0.463414634
2018,"105,878",Destiny Charter Middle School,All Students,Middle,552,718,0.768802228
2018,"101,334",Dimmitt Middle School,All Students,Middle,1914,2585,0.740425532
2018,"105,627",Discovery High School,All Students,High,343,606,0.566006601
2018,"105,905",Discovery High School-Achieve,All Students,High,94,114,0.824561404
2018,"100,560",Discovery Middle School,All Students,Middle,1517,2032,0.746555118
2018,"102,840",Dishman Hills High School,All Students,High,312,1166,0.267581475
2018,"102,069",Doris Stahl Junior High,All Students,Middle,1973,2603,0.757971571
2018,"102,060",E B Walker High School,All Students,High,131,458,0.286026201
2018,"103,831",Eagle Harbor High School,All Students,High,280,362,0.773480663
2018,"100,892",East Grays Harbor High School,All Students,High,71,118,0.601694915
2018,"105,922",East Grays Harbor High School,All Students,High,12,50,0.24
2018,"103,211",East Valley Central Middle School,All Students,Middle,1897,2189,0.866605756
2018,"103,208",East Valley High School,All Students,High,2103,2666,0.788822206
2018,"102,829",East Valley High School,All Students,High,2686,3404,0.78907168
2018,"105,772",East Valley Middle School,All Students,Middle,1165,1532,0.760443864
2018,"101,565",Eastlake High School,All Students,High,4903,5377,0.911846755
2018,"100,732",Eastmont Junior High,All Students,Middle,2320,2774,0.836337419
2018,"100,727",Eastmont Senior High,All Students,High,3556,4501,0.790046656
2018,"102,315",Eatonville High School,All Students,High,1563,2025,0.771851852
2018,"102,318",Eatonville Middle School,All Students,Middle,1007,1178,0.85483871
2018,"101,101",Eckstein Middle School,All Students,Middle,2646,2877,0.919708029
2018,"102,046",Edgemont Jr High,All Students,High,1108,1367,0.810534016
2018,"106,068",Edmonds S. Meany Middle School,All Students,Middle,419,495,0.846464646
2018,"102,523",Edmonds Woodway High School,All Students,High,3763,4948,0.760509297
2018,"103,194",Eisenhower High School,All Students,High,3836,6390,0.600312989
2018,"102,453",Eisenhower Middle School,All Students,Middle,2364,2666,0.88672168
2018,"100,775",Ellen Ochoa Middle School,All Students,Middle,1886,2163,0.871937124
2018,"101,774",Ellensburg High School,All Students,High,2112,2995,0.705175292
2018,"100,893",Elma High School,All Students,High,1084,1441,0.752255378
2018,"100,895",Elma Middle School,All Students,Middle,814,961,0.847034339
2018,"102,071",Emerald Ridge High School,All Students,High,3415,4643,0.73551583
2018,"101,546",Emerson High School,All Students,High,57,234,0.243589744
2018,"105,780",Endeavor Middle School,All Students,Middle,578,774,0.746770026
2018,"103,154",Endicott/St John Elem and Middle,All Students,Middle,303,346,0.875722543
2018,"100,419",Enterprise Middle School,All Students,Middle,2649,3060,0.865686275
2018,"100,431",Entiat Middle and High School,All Students,Middle,448,551,0.813067151
2018,"101,236",Enumclaw Middle School,All Students,Middle,1139,1384,0.822976879
2018,"101,231",Enumclaw Sr High School,All Students,High,2983,4069,0.733103957
2018,"100,841",Ephrata High School,All Students,High,1558,2243,0.694605439
2018,"100,844",Ephrata Middle School,All Students,Middle,989,1134,0.872134039
2018,"102,437",Everett High School,All Students,High,2989,4448,0.67198741
2018,"101,282",Evergreen High School,All Students,High,638,1018,0.626719057
2018,"100,592",Evergreen High School,All Students,High,3349,5391,0.621220553
2018,"101,556",Evergreen Middle School,All Students,Middle,3134,3359,0.933015779
2018,"102,799",Evergreen Middle School,All Students,Middle,1887,2268,0.832010582
2018,"102,449",Evergreen Middle School,All Students,Middle,2467,3098,0.796320207
2018,"100,576",Excelsior High School (Closed after 2016-2017 school year),All Students,High,37,128,0.2890625
2018,"102,497",Explorer Middle School,All Students,Middle,2631,2970,0.885858586
2018,"103,050",Fairhaven Middle School,All Students,Middle,1663,1876,0.886460554
2018,"101,724",Fairview Middle School,All Students,Middle,1532,1876,0.81663113
2018,"101,186",Federal Way High School,All Students,High,3272,4784,0.683946488
2018,"103,078",Ferndale High School,All Students,High,3359,4474,0.750782298
2018,"102,727",Ferris High School,All Students,High,4042,5358,0.754385965
2018,"102,064",Ferrucci Jr High,All Students,High,1664,2131,0.780854059
2018,"102,332",Fife High School,All Students,High,1456,1701,0.855967078
2018,"100,395",Finley Middle School,All Students,Middle,522,645,0.809302326
2018,"101,535",Finn Hill Middle School,All Students,Middle,1715,1879,0.912719532
2018,"104,896",First Creek Middle School,All Students,Middle,1989,2360,0.84279661
2018,"100,470",Foothills Middle School,All Students,Middle,1544,1855,0.832345013
2018,"100,512",Forks Junior-Senior High School,All Students,Middle,1090,1367,0.797366496
2018,"100,521",Fort Vancouver High School,All Students,High,2770,4742,0.584141712
2018,"101,398",Foster Senior High School,All Students,High,2108,2801,0.752588361
2018,"101,062",Franklin High School,All Students,High,3132,3892,0.804727646
2018,"103,181",Franklin Middle School,All Students,Middle,1937,2560,0.756640625
2018,"102,271",Franklin Pierce High School,All Students,High,2981,3658,0.814926189
2018,"102,807",Freeman High School,All Students,High,870,999,0.870870871
2018,"103,957",Freeman Middle School,All Students,Middle,580,635,0.913385827
2018,"102,352",Friday Harbor High School,All Students,High,561,824,0.680825243
2018,"102,353",Friday Harbor Middle School,All Students,Middle,349,457,0.763676149
2018,"102,310",Frontier Middle School,All Students,Middle,1896,2223,0.852901484
2018,"100,826",Frontier Middle School,All Students,Middle,1699,2213,0.767736105
2018,"100,616",Frontier Middle School,All Students,Middle,2096,2464,0.850649351
2018,"105,786",Futurus High School,All Students,High,151,241,0.626556017
2018,"100,549",Gaiser Middle School,All Students,Middle,2147,2729,0.786735068
2018,"103,918",Garfield at Palouse High School,All Students,High,39,89,0.438202247
2018,"101,080",Garfield High School,All Students,High,4272,5383,0.793609511
2018,"103,148",Garfield Middle School,All Students,Middle,71,80,0.8875
2018,"103,020",Garrison Middle School,All Students,Middle,1554,1820,0.853846154
2018,"102,737",Garry Middle School,All Students,Middle,1248,1763,0.707884288
2018,"102,465",Gateway Middle School,All Students,Middle,2516,2654,0.948003014
2018,"102,957",George Washington Bush Middle Sch,All Students,Middle,1677,1838,0.912404788
2018,"105,988",Gibson Ek High School,All Students,High,211,256,0.82421875
2018,"102,260",Gig Harbor High,All Students,High,4242,5040,0.841666667
2018,"102,324",Glacier Middle School,All Students,Middle,2084,2410,0.86473029
2018,"104,722",Glacier Peak High School,All Students,High,4340,5369,0.808344198
2018,"104,768",Glacier View Junior High,All Students,Middle,2027,2508,0.808213716
2018,"104,233",Global Connections High School (Closed after 2016-2017 school year),All Students,High,700,1071,0.653594771
2018,"102,723",Glover Middle School,All Students,Middle,1232,1654,0.744860943
2018,"101,808",Goldendale High School,All Students,High,696,931,0.747583244
2018,"101,809",Goldendale Middle School,All Students,Middle,679,832,0.816105769
2018,"102,250",Goodman Middle School,All Students,Middle,1459,1668,0.87470024
2018,"102,055",Gov John Rogers High School,All Students,High,3858,5546,0.695636495
2018,"104,150",Graham Kapowsin High School,All Students,High,4901,5913,0.828851683
2018,"103,231",Grandview High School,All Students,High,1948,2794,0.697208304
2018,"103,234",Grandview Middle School,All Students,Middle,2091,2560,0.816796875
2018,"103,264",Granger High School,All Students,High,1172,1327,0.883195177
2018,"103,263",Granger Middle School,All Students,Middle,1338,1425,0.938947368
2018,"102,655",Granite Falls High School,All Students,High,1411,1616,0.873143564
2018,"102,657",Granite Falls Middle School,All Students,Middle,1010,1241,0.81385979
2018,"101,906",Grapeview Elementary & Middle School,All Students,Middle,641,696,0.920977011
2018,"102,797",Greenacres Middle School,All Students,Middle,1978,2337,0.846384253
2018,"102,991",H.e.a.r.t. High School,All Students,High,75,118,0.63559322
2018,"104,002",Haller Middle School,All Students,Middle,1734,2037,0.851251841
2018,"101,086",Hamilton International Middle School,All Students,Middle,3096,3290,0.941033435
2018,"100,417",Hanford High School,All Students,High,5231,6135,0.852648737
2018,"100,869",Harbor High School,All Students,High,73,371,0.196765499
2018,"102,265",Harbor Ridge Middle School,All Students,Middle,1585,1825,0.868493151
2018,"102,505",Harbour Pointe Middle School,All Students,Middle,2327,2538,0.916863672
2018,"101,898",Harrington High School,All Students,High,107,157,0.681528662
2018,"103,241",Harrison Middle School,All Students,Middle,2154,2682,0.803131991
2018,"101,930",Hawkins Middle School,All Students,Middle,1140,1375,0.829090909
2018,"104,471",Hayes Freedom High School,All Students,High,261,457,0.571115974
2018,"101,342",Hazen Senior High School,All Students,High,3802,4898,0.776235198
2018,"102,463",Heatherwood Middle School,All Students,Middle,2664,2984,0.892761394
2018,"102,248",Henderson Bay Alt High School,All Students,High,349,522,0.668582375
2018,"105,625",Henrietta Lacks Health and Bioscience High School,All Students,High,1438,1768,0.813348416
2018,"102,466",Henry M. Jackson High School,All Students,High,5160,6682,0.772223885
2018,"100,618",Heritage High School,All Students,High,3516,5613,0.626402993
2018,"102,615",Hidden River Middle School,All Students,Middle,1227,1350,0.908888889
2018,"102,629",High School Re Entry,All Students,High,35,87,0.402298851
2018,"100,349",Highland Elementary,All Students,High,822,1000,0.822
2018,"102,482",Highland Elementary,All Students,High,1914,2045,0.93594132
2018,"103,260",Highland High School,All Students,High,882,1058,0.833648393
2018,"103,257",Highland Junior High School,All Students,Middle,492,557,0.883303411
2018,"101,362",Highland Middle School,All Students,Middle,1430,1581,0.904490829
2018,"101,077",Highland Park Elementary School,All Students,High,971,1132,0.857773852
2018,"101,499",Highland Terrace Elementary,All Students,High,1404,1483,0.946729602
2018,"101,328",Highlands Elementary School,All Students,High,1511,1714,0.881563594
2018,"101,947",Highlands High School,All Students,High,24,93,0.258064516
2018,"100,366",Highlands Middle School,All Students,Middle,2204,2561,0.860601328
2018,"101,256",Highline High School,All Students,High,2578,3774,0.68309486
2018,"105,803",Highline Home School Center,All Students,High,,64,
2018,"105,799",Highline Open Doors 1418,All Students,High,,1332,
2018,"100,567",Hockinson High School,All Students,High,1557,2023,0.769649036
2018,"100,564",Hockinson Middle School,All Students,Middle,1197,1335,0.896629213
2018,"100,878",Hoquiam High School,All Students,High,1130,1463,0.772385509
2018,"100,875",Hoquiam Middle School,All Students,Middle,975,1139,0.856014047
2018,"103,087",Horizon Middle School,All Students,Middle,1150,1399,0.822015726
2018,"102,804",Horizon Middle School,All Students,Middle,1212,1472,0.823369565
2018,"100,382",Horse Heaven Hills Middle School,All Students,Middle,2457,2658,0.924379233
2018,"100,401",Housel Middle School,All Students,Middle,1604,1885,0.850928382
2018,"100,538",Hudson's Bay High School,All Students,High,2400,3773,0.636098595
2018,"102,226",Hudtloff Middle School,All Students,Middle,1870,2267,0.824878694
2018,"100,709",Huntington Middle School,All Students,Middle,1480,1692,0.874704492
2018,"100,450",Icicle River Middle School,All Students,Middle,753,871,0.864523536
2018,"101,212",Illahee Middle School,All Students,Middle,2058,2418,0.851116625
2018,"101,983",Ilwaco High School,All Students,High,671,827,0.811366385
2018,"100,750",Inchelium High School,All Students,High,125,197,0.634517766
2018,"100,752",Inchelium Middle School,All Students,Middle,102,151,0.675496689
2018,"101,562",Inglewood Middle School,All Students,Middle,3469,3640,0.953021978
2018,"101,123",Ingraham High School,All Students,High,3273,3996,0.819069069
2018,"101,383",Interlake Senior High School,All Students,High,4416,4998,0.883553421
2018,"101,245",Islander Middle School,All Students,Middle,3240,3419,0.94764551
2018,"101,463",Issaquah High School,All Students,High,6257,7048,0.88776958
2018,"101,461",Issaquah Middle School,All Students,Middle,2516,2779,0.905361641
2018,"100,868",J M Weatherwax High School,All Students,High,2146,2779,0.772220223
2018,"101,927",James A. Taylor High School,All Students,High,25,158,0.158227848
2018,"105,777",Jane Addams Middle School,All Students,Middle,2443,2706,0.902808574
2018,"100,543",Jason Lee Middle School,All Students,Middle,1664,2009,0.828272773
2018,"102,970",Jefferson Middle School,All Students,Middle,1177,1315,0.895057034
2018,"100,583",Jemtegaard Middle School,All Students,Middle,1282,1572,0.815521628
2018,"102,872",Jenkins Junior/Senior High,All Students,Middle,945,1169,0.808383234
2018,"103,026",John Sager Middle School,All Students,Middle,848,1039,0.816169394
2018,"101,757",John Sedgwick Middle School,All Students,Middle,1808,2112,0.856060606
2018,"101,544",Juanita High School,All Students,High,4034,4468,0.902864816
2018,"103,003",Julius A Wendt Elementary/John C Thomas Middle School,All Students,Middle,911,1008,0.903769841
2018,"100,788",Kahlotus Elem & High,All Students,High,140,163,0.858895706
2018,"100,692",Kalama Middle School,All Students,Middle,911,1031,0.883608147
2018,"102,048",Kalles Junior High,All Students,Middle,2310,2729,0.846463906
2018,"102,506",Kamiak High School,All Students,High,5610,6331,0.886115937
2018,"100,370",Kamiakin High School,All Students,High,4771,5302,0.899849114
2018,"101,548",Kamiakin Middle School,All Students,Middle,1564,1736,0.900921659
2018,"101,502",Kellogg Middle School,All Students,Middle,1813,2014,0.90019861
2018,"100,703",Kelso High School,All Students,High,3832,4883,0.784763465
2018,"101,635",Kenmore Middle School,All Students,Middle,1794,1980,0.906060606
2018,"100,363",Kennewick High School,All Students,High,4222,4949,0.853101637
2018,"101,615",Kentlake High School,All Students,High,3772,4626,0.815391267
2018,"101,574",Kent-Meridian High School,All Students,High,4345,6397,0.679224637
2018,"101,586",Kentridge High School,All Students,High,5778,6723,0.859437751
2018,"101,598",Kentwood High School,All Students,High,4930,6176,0.798251295
2018,"102,911",Kettle Falls High School,All Students,High,483,677,0.713441654
2018,"102,910",Kettle Falls Middle School,All Students,Middle,607,695,0.873381295
2018,"102,261",Key Peninsula Middle School,All Students,Middle,1092,1310,0.833587786
2018,"101,208",Kilo Middle School,All Students,Middle,1384,1760,0.786363636
2018,"104,342",Kingston High School,All Students,High,1680,2380,0.705882353
2018,"101,710",Kingston Middle School,All Students,Middle,1254,1516,0.827176781
2018,"100,389",Kiona-Benton City High School,All Students,High,1176,1414,0.831683168
2018,"100,390",Kiona-Benton City Middle School,All Students,Middle,869,987,0.880445795
2018,"101,523",Kirkland Middle School,All Students,Middle,1712,1800,0.951111111
2018,"101,780",Kittitas High School,All Students,High,958,1133,0.845542807
2018,"101,803",Klickitat Elem & High,All Students,High,200,222,0.900900901
2018,"102,942",Komachin Middle School,All Students,Middle,1947,2226,0.874663073
2018,"102,263",Kopachuck Middle School,All Students,Middle,1451,1598,0.908010013
2018,"103,072",Kulshan Middle School,All Students,Middle,1438,1728,0.832175926
2018,"100,572",La Center High School,All Students,High,1407,1690,0.832544379
2018,"100,570",La Center Middle School,All Students,Middle,1083,1182,0.916243655
2018,"102,399",La Conner High School,All Students,High,429,628,0.683121019
2018,"102,401",La Conner Middle,All Students,Middle,343,429,0.7995338
2018,"102,411",La Venture Middle School,All Students,Middle,1572,1951,0.805740646
2018,"103,126",Lacrosse High School,All Students,High,47,111,0.423423423
2018,"100,901",Lake Quinault High School,All Students,High,130,249,0.522088353
2018,"100,855",Lake Roosevelt Jr/Sr High School,All Students,High,649,994,0.652917505
2018,"102,475",Lake Stevens Middle School,All Students,Middle,1735,1936,0.896177686
2018,"102,472",Lake Stevens Sr High School,All Students,High,4566,5712,0.799369748
2018,"101,524",Lake Washington High School,All Students,High,4274,4973,0.859440981
2018,"102,191",Lakeridge Middle School,All Students,Middle,1658,1856,0.893318966
2018,"102,235",Lakes High School,All Students,High,3468,4261,0.813893452
2018,"102,756",Lakeside High School,All Students,High,1280,1517,0.8437706
2018,"102,757",Lakeside Middle School,All Students,Middle,910,1022,0.890410959
2018,"102,640",Lakewood High School,All Students,High,1639,2218,0.738954013
2018,"102,639",Lakewood Middle School,All Students,Middle,1431,1722,0.831010453
2018,"101,192",Lakota Middle School,All Students,Middle,1973,2363,0.834955565
2018,"103,128",Lamont Middle School,All Students,Middle,81,101,0.801980198
2018,"100,639",Laurin Middle School,All Students,Middle,1742,2014,0.864945382
2018,"100,607",Legacy High School,All Students,High,415,861,0.481997677
2018,"100,358",Legacy High School,All Students,High,449,829,0.541616405
2018,"106,076",Leona Libby Middle School,All Students,Middle,613,685,0.894890511
2018,"101,643",Leota Middle School,All Students,Middle,2311,2569,0.899571818
2018,"102,700",Lewis & Clark High School,All Students,High,4606,5644,0.816087881
2018,"103,199",Lewis & Clark Middle School,All Students,Middle,1919,2559,0.749902306
2018,"100,550",Lewis and Clark High School,All Students,High,175,302,0.579470199
2018,"101,965",Liberty Bell Jr Sr High,All Students,High,578,812,0.71182266
2018,"102,837",Liberty High School,All Students,High,334,481,0.694386694
2018,"102,838",Liberty Jr High & Elementary,All Students,High,876,1006,0.870775348
2018,"105,208",Liberty Middle School,All Students,Middle,1873,2209,0.847894975
2018,"104,207",Liberty Middle School,All Students,Middle,2219,2481,0.89439742
2018,"101,473",Liberty Sr High School,All Students,High,3355,4013,0.836032893
2018,"100,486",Lincoln High School,All Students,High,129,278,0.464028777
2018,"103,022",Lincoln High School,All Students,High,193,627,0.307814992
2018,"102,661",Lincoln Hill High School,All Students,High,307,467,0.65738758
2018,"100,346",Lincoln Middle School,All Students,Middle,1049,1249,0.839871898
2018,"103,138",Lincoln Middle School,All Students,Middle,1701,1902,0.894321767
2018,"105,556",Lind Ritzville Middle School,All Students,Middle,151,190,0.794736842
2018,"101,346",Lindbergh Senior High School,All Students,High,2857,3827,0.746537758
2018,"100,337",Lind-Ritzville High School,All Students,High,115,176,0.653409091
2018,"105,541",Lind-Ritzville Middle School,All Students,Middle,123,149,0.825503356
2018,"102,239",Lochburn Middle School,All Students,Middle,1331,1837,0.724550898
2018,"103,827",Loowit High School,All Students,High,39,94,0.414893617
2018,"102,347",Lopez Middle High School,All Students,Middle,191,291,0.656357388
2018,"101,816",Lyle High School,All Students,High,159,253,0.628458498
2018,"101,817",Lyle Middle School,All Students,Middle,122,162,0.75308642
2018,"103,097",Lynden High School,All Students,High,2371,2667,0.889013873
2018,"103,095",Lynden Middle School,All Students,Middle,1759,1913,0.91949817
2018,"102,554",Lynnwood High School,All Students,High,3493,4321,0.80837769
2018,"105,533",Mabton Jr. Sr. High,All Students,High,885,1134,0.78042328
2018,"101,091",Madison Middle School,All Students,Middle,2233,2574,0.867521368
2018,"102,228",Mann Middle School,All Students,Middle,1052,1229,0.855980472
2018,"100,738",Mansfield Elem and High School,All Students,High,252,316,0.797468354
2018,"100,426",Manson High School,All Students,High,479,599,0.79966611
2018,"105,530",Manson Middle School,All Students,Middle,397,458,0.866812227
2018,"101,439",Maple View Middle School,All Students,Middle,2152,2339,0.920051304
2018,"101,748",Marcus Whitman Middle School,All Students,Middle,1737,2113,0.822053952
2018,"102,493",Mariner High School,All Students,High,5552,6879,0.807094054
2018,"100,673",Mark Morris High School,All Students,High,2191,2969,0.737958909
2018,"101,921",Mary M Knight High School (Closed after 2015-2016 school year),All Students,High,53,72,0.736111111
2018,"102,903",Mary Walker High School,All Students,High,310,545,0.568807339
2018,"106,061",Marysville Getchell High School,All Students,High,1272,1701,0.747795414
2018,"102,584",Marysville Middle School,All Students,Middle,1899,2430,0.781481481
2018,"103,839",Marysville Mountain View Arts and Technology High School,All Students,High,401,668,0.600299401
2018,"102,590",Marysville Mountain View High School,All Students,High,199,487,0.40862423
2018,"105,222",Marysville Pilchuck High School,All Students,High,2632,3849,0.683813978
2018,"101,597",Mattson Middle School,All Students,Middle,1705,1922,0.887096774
2018,"101,467",Maywood Middle School,All Students,Middle,3159,3383,0.93378658
2018,"101,134",McClure Middle School,All Students,Middle,1465,1649,0.888417223
2018,"100,334",McFarland Middle School,All Students,Middle,2580,2893,0.891807812
2018,"101,333",McKnight Middle School,All Students,Middle,3030,3395,0.892488954
2018,"100,539",Mcloughlin Middle School,All Students,Middle,2345,2982,0.786384977
2018,"100,759",Mcloughlin Middle School,All Students,Middle,3287,3759,0.87443469
2018,"101,312",McMurray Middle School,All Students,Middle,1043,1164,0.89604811
2018,"102,768",Mead Alternative High School,All Students,High,271,327,0.828746177
2018,"102,770",Mead Senior High School,All Students,High,4285,4917,0.871466341
2018,"102,536",Meadowdale High School,All Students,High,4145,4882,0.84903728
2018,"102,530",Meadowdale Middle School,All Students,Middle,2031,2310,0.879220779
2018,"102,760",Medical Lake High School,All Students,High,1298,1633,0.794856093
2018,"102,765",Medical Lake Middle School,All Students,Middle,1058,1204,0.878737542
2018,"101,592",Meeker Middle School,All Students,Middle,1591,1919,0.829077645
2018,"101,117",Mercer International Middle School,All Students,Middle,3099,3454,0.897220614
2018,"101,243",Mercer Island High School,All Students,High,3901,4520,0.863053097
2018,"103,102",Meridian High School,All Students,High,1276,1604,0.795511222
2018,"103,104",Meridian Middle School,All Students,Middle,797,882,0.903628118
2018,"101,578",Meridian Middle School,All Students,Middle,1675,1899,0.882043181
2018,"102,800",Mica Peak High School,All Students,High,101,414,0.243961353
2018,"100,973",Middle College High School,All Students,Middle,110,369,0.298102981
2018,"101,706",Middle School Options,All Students,Middle,69,78,0.884615385
2018,"104,031",Mill Creek Middle School,All Students,Middle,2174,2575,0.844271845
2018,"100,860",Miller Junior High,All Students,Middle,1151,1467,0.78459441
2018,"102,614",Monroe High School,All Students,High,4129,5148,0.802059052
2018,"100,888",Montesano Jr-Sr High,All Students,High,1775,1976,0.898279352
2018,"100,670",Monticello Middle School,All Students,Middle,1221,1551,0.787234043
2018,"101,771",Morgan Middle School,All Students,Middle,1931,2195,0.879726651
2018,"102,275",Morris Ford Middle School,All Students,Middle,2474,2862,0.864430468
2018,"101,832",Morton Junior-Senior High,All Students,Middle,286,495,0.577777778
2018,"100,835",Moses Lake High School,All Students,High,4467,7203,0.620158267
2018,"101,828",Mossyrock Jr./Sr. High School,All Students,High,554,661,0.838124054
2018,"103,297",Mount Adams Middle School,All Students,Middle,268,403,0.665012407
2018,"103,121",Mount Baker Junior High,All Students,Middle,742,877,0.846066135
2018,"102,415",Mount Baker Middle School,All Students,Middle,1642,2099,0.782277275
2018,"103,117",Mount Baker Senior High,All Students,High,1310,1666,0.786314526
2018,"101,291",Mount Rainier High School,All Students,High,3375,4975,0.67839196
2018,"101,450",Mount Si High School,All Students,High,4732,5553,0.85215199
2018,"102,405",Mount Vernon High School,All Students,High,4027,5948,0.677034297
2018,"100,609",Mountain View High School,All Students,High,4004,5805,0.689750215
2018,"102,197",Mountain View Middle School,All Students,Middle,1771,2030,0.872413793
2018,"101,683",Mountain View Middle School,All Students,Middle,2221,2681,0.828422231
2018,"102,772",Mountainside Middle School,All Students,Middle,2087,2348,0.888841567
2018,"102,528",Mountlake Terrace High School,All Students,High,3062,4011,0.763400648
2018,"101,431",Mt Baker Middle School,All Students,Middle,2599,3034,0.856624918
2018,"102,782",Mt Spokane High School,All Students,High,4111,4659,0.882378193
2018,"104,139",Mt. Solo Middle School,All Students,Middle,1123,1333,0.842460615
2018,"103,169",Naches Valley High School,All Students,High,1113,1324,0.840634441
2018,"103,171",Naches Valley Middle School,All Students,Middle,1032,1213,0.850783182
2018,"101,820",Napavine Jr Sr High School,All Students,High,1076,1150,0.935652174
2018,"101,999",Naselle-Grays River Valley Jr Sr High Schools,All Students,High,392,497,0.788732394
2018,"101,131",Nathan Hale High School,All Students,High,2945,3615,0.814661134
2018,"100,505",Neah Bay Junior/ Senior High School,All Students,Middle,415,542,0.765682657
2018,"101,337",Nelsen Middle School,All Students,Middle,2467,3071,0.803321394
2018,"101,715",New Frontiers Jr High (Closed after 2015-2016 school year),All Students,High,24,47,0.510638298
2018,"100,769",New Horizons High School,All Students,High,223,992,0.224798387
2018,"104,029",New Market High School,All Students,High,171,207,0.826086957
2018,"102,010",Newport High School,All Students,High,788,1100,0.716363636
2018,"101,379",Newport Senior High School,All Students,High,5211,5471,0.952476695
2018,"105,470","Nikola Tesla Science, Technology, Engineering, and Math High School",All Students,High,1665,1745,0.954154728
2018,"102,930",Nisqually Middle School,All Students,Middle,2165,2492,0.868780096
2018,"103,110",Nooksack Valley High School,All Students,High,1125,1413,0.796178344
2018,"103,112",Nooksack Valley Middle School,All Students,Middle,914,1045,0.874641148
2018,"100,884",North Beach Junior High School,All Students,Middle,209,303,0.689768977
2018,"100,880",North Beach Senior High School,All Students,High,427,614,0.695439739
2018,"102,690",North Central High School,All Students,High,3374,4407,0.765600182
2018,"106,064",North Creek High School,All Students,High,1181,1288,0.916925466
2018,"101,707",North Kitsap High School,All Students,High,2917,3467,0.841361408
2018,"102,477",North Lake Middle School,All Students,Middle,2016,2264,0.890459364
2018,"101,931",North Mason Senior High School,All Students,High,2222,2284,0.972854641
2018,"102,439",North Middle School,All Students,Middle,1782,2224,0.801258993
2018,"102,786",North Pines Middle School,All Students,Middle,1152,1592,0.72361809
2018,"102,202",North Tapps Middle School,All Students,Middle,1442,1556,0.926735219
2018,"102,925",North Thurston High School,All Students,High,3789,4425,0.856271186
2018,"100,928",North Whidbey Middle School,All Students,Middle,1568,1880,0.834042553
2018,"102,907",Northport High School,All Students,High,123,179,0.687150838
2018,"101,648",Northshore Middle School,All Students,Middle,2195,2366,0.92772612
2018,"101,557",Northstar Middle School,All Students,Middle,,274,
2018,"104,341",Northwest Career and Technical High School,All Students,High,,753,
2018,"101,613",Northwood Middle School,All Students,Middle,1787,1917,0.932185707
2018,"102,777",Northwood Middle School,All Students,Middle,2195,2457,0.893365893
2018,"101,147",Nova High School,All Students,High,,1026,
2018,"100,921",Oak Harbor High School,All Students,High,3575,4797,0.745257453
2018,"103,163",Oakesdale High School,All Students,High,141,147,0.959183673
2018,"101,919",Oakland Bay Junior High School,All Students,Middle,1570,2072,0.757722008
2018,"102,160",Oakland High School,All Students,High,59,729,0.080932785
2018,"100,913",Oakville High School,All Students,High,143,333,0.429429429
2018,"100,910",Ocosta Junior - Senior High,All Students,Middle,750,902,0.831485588
2018,"101,891",Odessa High School,All Students,High,314,337,0.931750742
2018,"101,384",Odle Middle School,All Students,Middle,2835,2941,0.963957837
2018,"103,967",Okanogan Alternative High School,All Students,High,62,71,0.873239437
2018,"101,950",Okanogan High School,All Students,High,687,871,0.788748565
2018,"101,949",Okanogan Middle School,All Students,Middle,673,781,0.861715749
2018,"102,969",Olympia High School,All Students,High,4790,5519,0.867910853
2018,"101,729",Olympic High School,All Students,High,2904,3602,0.806218767
2018,"103,835",Olympic Middle School,All Students,Middle,1483,1771,0.837380011
2018,"101,419",Olympic Middle School,All Students,Middle,1813,2415,0.750724638
2018,"102,489",Olympic View Middle School,All Students,Middle,2423,2772,0.874098124
2018,"101,941",Omak High School,All Students,High,714,1211,0.589595376
2018,"101,945",Omak Middle School,All Students,Middle,744,963,0.77258567
2018,"101,848",Onalaska High School,All Students,High,529,684,0.773391813
2018,"101,850",Onalaska Middle School,All Students,Middle,447,518,0.862934363
2018,"103,042",Options High School,All Students,High,129,451,0.286031042
2018,"102,343",Orcas Island High School,All Students,High,229,372,0.615591398
2018,"102,345",Orcas Island Middle School,All Students,Middle,174,199,0.874371859
2018,"100,468",Orchard Middle School,All Students,Middle,1146,1345,0.85204461
2018,"100,718",Orondo Elementary and Middle School,All Students,Middle,550,624,0.881410256
2018,"101,976",Oroville Middle-High School,All Students,Middle,552,810,0.681481481
2018,"102,206",Orting High School,All Students,High,1920,2469,0.77764277
2018,"102,207",Orting Middle School,All Students,Middle,1555,1752,0.887557078
2018,"100,333",Othello High School,All Students,High,2719,3403,0.799000882
2018,"103,281",Pace Alternative High School,All Students,High,38,243,0.156378601
2018,"105,133",Pacific Cascade Middle School,All Students,Middle,2827,2990,0.94548495
2018,"101,292",Pacific Middle School,All Students,Middle,1527,1938,0.787925697
2018,"100,612",Pacific Middle School,All Students,Middle,2625,3062,0.857282822
2018,"105,266",Paideia High School,All Students,High,127,172,0.738372093
2018,"103,916",Palouse at Garfield Middle School,All Students,Middle,111,128,0.8671875
2018,"103,145",Palouse High School,All Students,High,82,164,0.5
2018,"100,777",Palouse Junction High School,All Students,High,105,138,0.760869565
2018,"100,369",Park Middle School,All Students,Middle,2048,2395,0.855114823
2018,"104,156",Park Place Middle School,All Students,Middle,2064,2362,0.873835732
2018,"100,762",Pasco Senior High School,All Students,High,5053,6587,0.767117049
2018,"101,961",Pateros High School,All Students,High,373,432,0.863425926
2018,"102,251",Peninsula High School,All Students,High,3440,4274,0.804866635
2018,"102,277",Perry G Keithley Middle School,All Students,Middle,2136,2370,0.901265823
2018,"104,484",Phoenix High School,All Students,High,72,179,0.402234637
2018,"101,472",Pine Lake Middle School,All Students,Middle,2671,2833,0.942816802
2018,"102,024",Pioneer Middle,All Students,Middle,2182,2436,0.895730706
2018,"101,924",Pioneer Middle School,All Students,Middle,884,1043,0.847555129
2018,"100,466",Pioneer Middle School,All Students,Middle,1626,1912,0.85041841
2018,"103,017",Pioneer Middle School,All Students,Middle,1800,2049,0.878477306
2018,"100,642",Pleasant Valley Middle,All Students,Middle,1420,1596,0.889724311
2018,"100,790",Pomeroy Jr Sr High School,All Students,High,419,597,0.701842546
2018,"100,480",Port Angeles High School,All Students,High,2659,3503,0.75906366
2018,"102,667",Port Susan Middle School,All Students,Middle,1301,1520,0.855921053
2018,"100,962",Port Townsend High School,All Students,High,875,1073,0.815470643
2018,"102,565",Post Middle School,All Students,Middle,1489,1846,0.806608884
2018,"101,703",Poulsbo Middle School,All Students,Middle,2168,2499,0.867547019
2018,"100,643",Prairie High School,All Students,High,3956,4792,0.825542571
2018,"103,040",Prescott Jr Sr High,All Students,High,318,401,0.793017456
2018,"103,035",Preston Hall Middle School,All Students,Middle,139,194,0.716494845
2018,"100,399",Prosser High School,All Students,High,2245,2682,0.837061894
2018,"104,924",Puget Sound High School,All Students,High,190,323,0.588235294
2018,"103,134",Pullman High School,All Students,High,2056,2517,0.816845451
2018,"102,038",Puyallup High School,All Students,High,4008,5416,0.740029542
2018,"100,949",Quilcene High And Elementary,All Students,High,557,630,0.884126984
2018,"100,804",Quincy High School,All Students,High,1663,2456,0.677117264
2018,"100,801",Quincy Junior High,All Students,Middle,988,1217,0.811832375
2018,"100,667",R A Long High School,All Students,High,1981,2735,0.724314442
2018,"101,125",Rainier Beach High School,All Students,High,1475,2132,0.691838649
2018,"102,985",Rainier Middle School,All Students,Middle,487,554,0.879061372
2018,"101,429",Rainier Middle School,All Students,Middle,2452,2790,0.878853047
2018,"102,986",Rainier Senior High School,All Students,High,653,793,0.823455233
2018,"103,951",Raisbeck Aviation High School,All Students,High,1150,1243,0.925181014
2018,"101,989",Raymond Jr Sr High School,All Students,High,660,758,0.870712401
2018,"101,881",Reardan Middle-Senior High School,All Students,Middle,677,942,0.718683652
2018,"101,531",Redmond High School,All Students,High,5079,5757,0.882230328
2018,"101,528",Redmond Middle School,All Students,Middle,2861,3100,0.922903226
2018,"102,212",Re-Entry High School,All Students,High,,11,
2018,"102,213",Re-Entry Middle School,All Students,Middle,,1,
2018,"102,972",Reeves Middle School,All Students,Middle,1180,1322,0.892586989
2018,"101,663",Renaissance Alternative High School,All Students,High,254,465,0.546236559
2018,"101,326",Renton Senior High School,All Students,High,2673,4004,0.667582418
2018,"103,961",Republic Junior High,All Students,Middle,116,169,0.686390533
2018,"100,756",Republic Senior High School,All Students,High,179,295,0.606779661
2018,"100,415",Richland High School,All Students,High,4864,6075,0.800658436
2018,"100,650",Ridgefield High School,All Students,High,1952,2476,0.788368336
2018,"104,204",Ridgeline Middle School,All Students,Middle,1705,1911,0.892203035
2018,"101,732",Ridgetop Middle School,All Students,Middle,1588,1926,0.82450675
2018,"100,340",Ritzville High School,All Students,High,269,378,0.711640212
2018,"102,943",River Ridge High School,All Students,High,2884,3761,0.766817336
2018,"100,393",River View High School,All Students,High,807,1016,0.794291339
2018,"100,422",Rivers Edge High School,All Students,High,509,832,0.611778846
2018,"102,866",Riverside High School,All Students,High,1291,1424,0.906601124
2018,"102,864",Riverside Middle School,All Students,Middle,874,992,0.881048387
2018,"106,069",Robert Eagle Staff Middle School,All Students,Middle,646,719,0.898470097
2018,"100,780",Robert L Olds Junior High School,All Students,Middle,859,1001,0.858141858
2018,"102,996",Rochester High School,All Students,High,1650,1991,0.828729282
2018,"102,994",Rochester Middle School,All Students,Middle,1326,1585,0.83659306
2018,"102,709",Rogers High School,All Students,High,3020,4737,0.637534304
2018,"101,079",Roosevelt High School,All Students,High,4670,5342,0.874204418
2018,"101,541",Rose Hill Middle School,All Students,Middle,2377,2587,0.918824894
2018,"100,821",Royal High School,All Students,High,1046,1490,0.702013423
2018,"100,822",Royal Middle School,All Students,Middle,679,778,0.872750643
2018,"101,203",Sacajawea Middle School,All Students,Middle,1932,2327,0.830253545
2018,"102,724",Sacajawea Middle School,All Students,Middle,2084,2396,0.869782972
2018,"102,012",Sadie Halstead Middle School,All Students,Middle,888,1047,0.848137536
2018,"103,942",Sage Hills High School,All Students,High,40,162,0.24691358
2018,"101,223",Saghalie Middle School (Closed after 2016-2017 school year),All Students,Middle,782,1033,0.757018393
2018,"106,003",Salish Middle School,All Students,Middle,1317,1475,0.892881356
2018,"102,728",Salk Middle School,All Students,Middle,1831,2179,0.840293713
2018,"101,367",Sammamish Senior High,All Students,High,2794,3231,0.864747756
2018,"102,556",Scriber Lake High School,All Students,High,288,878,0.328018223
2018,"102,377",Sedro Woolley Senior High School,All Students,High,2571,3583,0.717555121
2018,"103,069",Sehome High School,All Students,High,2959,3597,0.822629969
2018,"103,215",Selah High School,All Students,High,2571,3283,0.78312519
2018,"105,890",Selah Middle School,All Students,Middle,2243,2530,0.886561265
2018,"105,270",Selkirk High School,All Students,High,186,261,0.712643678
2018,"105,269",Selkirk Middle School,All Students,Middle,121,149,0.812080537
2018,"100,499",Sequim Middle School,All Students,Middle,1585,1916,0.827244259
2018,"100,495",Sequim Senior High,All Students,High,2282,2859,0.798181182
2018,"102,459",Sequoia High School,All Students,High,204,704,0.289772727
2018,"104,146",Sequoyah Middle School,All Students,Middle,1475,1852,0.796436285
2018,"102,720",Shadle Park High School,All Students,High,3164,4058,0.779694431
2018,"100,620",Shahala Middle School,All Students,Middle,3031,3408,0.889377934
2018,"102,722",Shaw Middle School,All Students,Middle,1433,1784,0.803251121
2018,"101,913",Shelton High School,All Students,High,2059,3096,0.66505168
2018,"101,501",Shorecrest High School,All Students,High,3401,4226,0.804779934
2018,"104,814",Shoreline-Monroe High School,All Students,High,,1142,
2018,"101,507",Shorewood High School,All Students,High,3916,4869,0.804271924
2018,"101,397",Showalter Middle School,All Students,Middle,1714,2001,0.856571714
2018,"103,065",Shuksan Middle School,All Students,Middle,1630,1965,0.829516539
2018,"104,201",Sierra Vista Middle School,All Students,Middle,1696,2102,0.806850618
2018,"101,350",Skykomish High School,All Students,High,32,45,0.711111111
2018,"101,479",Skyline High School,All Students,High,5953,6612,0.900332728
2018,"100,627",Skyridge Middle School,All Students,Middle,2512,2730,0.92014652
2018,"100,561",Skyview High School,All Students,High,4811,5938,0.810205456
2018,"101,656",Skyview Middle School,All Students,Middle,2741,3000,0.913666667
2018,"100,816",Smokiam Alternative High School,All Students,High,,95,
2018,"102,623",Snohomish High School,All Students,High,3760,5061,0.742936179
2018,"100,818",Soap Lake Middle & High School,All Students,Middle,605,804,0.752487562
2018,"101,993",South Bend High School,All Students,High,602,749,0.803738318
2018,"101,743",South Kitsap High School,All Students,High,5818,6967,0.835079661
2018,"101,144",South Lake High School,All Students,High,34,298,0.11409396
2018,"102,939",South Sound High School,All Students,High,224,615,0.364227642
2018,"100,942",South Whidbey High School,All Students,High,1080,1378,0.783744557
2018,"100,940",South Whidbey Middle,All Students,Middle,601,868,0.692396313
2018,"100,384",Southridge High School,All Students,High,4446,5159,0.861794921
2018,"102,302",Spanaway Lake High School,All Students,High,3874,4861,0.796955359
2018,"102,297",Spanaway Middle School,All Students,Middle,1698,2115,0.802836879
2018,"102,843",Spokane Valley High School,All Students,High,235,328,0.716463415
2018,"101,878",Sprague High School,All Students,High,54,88,0.613636364
2018,"102,904",Springdale Middle School,All Students,Middle,210,336,0.625
2018,"103,073",Squalicum High School,All Students,High,3122,4083,0.764633848
2018,"103,160",St John/Endicott High,All Students,High,159,252,0.630952381
2018,"102,663",Stanwood High School,All Students,High,3380,4123,0.819791414
2018,"102,662",Stanwood Middle School,All Students,Middle,1245,1452,0.857438017
2018,"102,374",State Street High School,All Students,High,387,639,0.605633803
2018,"102,028",Steilacoom High,All Students,High,2310,2994,0.771543086
2018,"105,904",Step to College Open Doors High School,All Students,High,,60,
2018,"100,484",Stevens Middle School,All Students,Middle,1311,1687,0.777119146
2018,"100,765",Stevens Middle School,All Students,Middle,1736,2093,0.829431438
2018,"102,426",Stevenson High School,All Students,High,666,954,0.698113208
2018,"102,645",Sultan Middle School,All Students,Middle,1175,1383,0.849602314
2018,"102,648",Sultan Senior High School,All Students,High,1622,1706,0.950762016
2018,"101,437",Summit Trail Middle School,All Students,Middle,2088,2229,0.936742934
2018,"100,648",Summit View High School,All Students,High,1196,1308,0.914373089
2018,"105,885",Summit View Middle School (Closed after 2016-2017 school year),All Students,Middle,35,42,0.833333333
2018,"102,185",Sumner High School,All Students,High,4361,5687,0.766836645
2018,"102,188",Sumner Middle School,All Students,Middle,2163,2433,0.889025894
2018,"103,240",Sunnyside High School,All Students,High,4245,5919,0.717181956
2018,"102,335",Surprise Lake Middle School,All Students,Middle,1064,1196,0.889632107
2018,"103,977",Swiftwater Alternative High School,All Students,High,,105,
2018,"101,271",Sylvester Middle School,All Students,Middle,1656,2109,0.785206259
2018,"104,149",Taholah Elementary & Middle School,All Students,Middle,208,362,0.574585635
2018,"100,897",Taholah High School,All Students,High,59,192,0.307291667
2018,"101,443",Tahoma Jr High (Closed after 2016-2017 school year),All Students,High,2275,2619,0.868652157
2018,"101,435",Tahoma Senior High School,All Students,High,5068,6284,0.80649268
2018,"105,524",Talley High School,All Students,High,431,1059,0.406987724
2018,"103,131",Tekoa High School,All Students,High,252,289,0.871972318
2018,"102,999",Tenino High School,All Students,High,789,1088,0.725183824
2018,"103,000",Tenino Middle School,All Students,Middle,720,863,0.834298957
2018,"101,201",Thomas Jefferson High School,All Students,High,3400,5364,0.633855332
2018,"103,919",Thomas Jefferson Middle School,All Students,Middle,2177,2546,0.855066771
2018,"101,766",Thorp Elem & Jr Sr High,All Students,High,414,476,0.869747899
2018,"102,810",Three Springs High School,All Students,High,109,135,0.807407407
2018,"101,238",Thunder Mountain Middle School,All Students,Middle,1265,1419,0.891472868
2018,"102,982",Thurgood Marshall Middle School,All Students,Middle,1036,1163,0.890799656
2018,"101,454",Tiger Mountain Community High School (Closed after 2015-2016 school year),All Students,High,13,39,0.333333333
2018,"101,375",Tillicum Middle School,All Students,Middle,1933,2031,0.951747907
2018,"101,660",Timbercrest Middle School,All Students,Middle,2065,2294,0.900174368
2018,"102,933",Timberline High School,All Students,High,4298,5140,0.83618677
2018,"101,226",Todd Beamer High School,All Students,High,3510,5063,0.693264863
2018,"101,844",Toledo High School,All Students,High,634,760,0.834210526
2018,"101,846",Toledo Middle School,All Students,Middle,470,537,0.875232775
2018,"101,409",Tolt Middle School,All Students,Middle,2022,2180,0.927522936
2018,"101,971",Tonasket High School,All Students,High,764,1004,0.760956175
2018,"101,973",Tonasket Middle School,All Students,Middle,726,830,0.874698795
2018,"103,252",Toppenish High School,All Students,High,2223,2811,0.790821772
2018,"103,249",Toppenish Middle School,All Students,Middle,2361,2667,0.885264342
2018,"102,580",Totem Middle School,All Students,Middle,1252,1726,0.725376593
2018,"101,193",Totem Middle School,All Students,Middle,1734,2105,0.823752969
2018,"103,029",Touchet Elem & High School,All Students,High,544,659,0.825493171
2018,"100,682",Toutle Lake High School,All Students,High,795,933,0.852090032
2018,"104,732",Tukes Valley Middle School,All Students,Middle,1351,1522,0.887647832
2018,"102,950",Tumwater High School,All Students,High,3097,3772,0.821049841
2018,"102,951",Tumwater Middle School,All Students,Middle,1528,1687,0.905749852
2018,"102,356",Twin Cedars High School,All Students,High,,51,
2018,"104,746",Twin Falls Middle School,All Students,Middle,2224,2416,0.920529801
2018,"101,297",Tyee High School,All Students,High,676,1033,0.654404647
2018,"101,368",Tyee Middle School,All Students,Middle,2968,3053,0.972158533
2018,"104,613",Union High School,All Students,High,4733,6180,0.765857605
2018,"102,795",University High School,All Students,High,3823,5417,0.705741185
2018,"102,630",Valley View Middle School,All Students,Middle,2082,2334,0.892030848
2018,"101,309",Vashon Island High School,All Students,High,1422,1714,0.829638273
2018,"106,067",Vera Risdon Middle School,All Students,Middle,728,834,0.872901679
2018,"100,653",View Ridge Middle School,All Students,Middle,1111,1292,0.859907121
2018,"103,084",Vista Middle School,All Students,Middle,1613,1893,0.852086635
2018,"102,504",Voyager Middle School,All Students,Middle,2289,2669,0.857624578
2018,"101,859",W F West High School,All Students,High,2452,2901,0.845225784
2018,"103,004",Wahkiakum High School,All Students,High,311,422,0.736966825
2018,"100,796",Wahluke High School,All Students,High,1273,1739,0.732029902
2018,"104,777",Wahluke Junior High,All Students,Middle,1479,1610,0.91863354
2018,"103,036",Waitsburg High School,All Students,High,231,309,0.747572816
2018,"103,019",Walla Walla High School,All Students,High,4024,5298,0.759531899
2018,"101,786",Walter Strom Middle School,All Students,Middle,453,591,0.766497462
2018,"103,280",Wapato High School,All Students,High,1892,2547,0.742834707
2018,"103,276",Wapato Middle School,All Students,Middle,1972,2468,0.799027553
2018,"100,809",Warden High School,All Students,High,752,931,0.80773362
2018,"100,810",Warden Middle School,All Students,Middle,546,624,0.875
2018,"102,279",Washington High School,All Students,High,2392,3088,0.774611399
2018,"103,179",Washington Middle School,All Students,Middle,1866,2373,0.786346397
2018,"102,974",Washington Middle School,All Students,Middle,2237,2420,0.924380165
2018,"101,167",Washington Middle School,All Students,Middle,2569,2926,0.877990431
2018,"104,998",Washington Virtual Academy Omak High School,All Students,High,,3714,
2018,"104,997",Washington Virtual Academy Omak Middle School,All Students,Middle,,4404,
2018,"100,581",Washougal High School,All Students,High,2349,3033,0.774480712
2018,"100,326",Washtucna Elementary/High School,All Students,High,109,154,0.707792208
2018,"100,741",Waterville High School,All Students,High,391,491,0.796334012
2018,"101,813",Wayne M Henkle Middle School,All Students,Middle,466,575,0.810434783
2018,"102,876",Wellpinit Alliance High School,All Students,High,9,35,0.257142857
2018,"102,877",Wellpinit High School,All Students,High,188,248,0.758064516
2018,"102,878",Wellpinit Middle School,All Students,Middle,194,237,0.818565401
2018,"103,849",Wellpinit-Fort Simcoe High School (Closed after 2016-2017 school year),All Students,High,,93,
2018,"100,459",Wenatchee High School,All Students,High,5090,6430,0.791601866
2018,"101,416",West Auburn Senior High School,All Students,High,337,937,0.359658485
2018,"101,072",West Seattle High School,All Students,High,2429,3047,0.797177552
2018,"102,851",West Valley High School,All Students,High,2061,2687,0.767026424
2018,"103,289",West Valley High School,All Students,High,2730,3466,0.787651471
2018,"105,231",West Valley High School Freshman Campus,All Students,High,1078,1261,0.854877082
2018,"103,293",West Valley Jr High,All Students,High,2225,2566,0.86710834
2018,"103,295",West Valley Middle School,All Students,Middle,2179,2512,0.867436306
2018,"102,567",Weston High School,All Students,High,189,443,0.426636569
2018,"100,455",Westside High School,All Students,High,509,876,0.581050228
2018,"105,485",Westwood Middle School,All Students,Middle,1412,1702,0.829612221
2018,"103,052",Whatcom Middle School,All Students,Middle,1820,2052,0.886939571
2018,"101,865",White Pass Jr. Sr. High School,All Students,High,483,674,0.716617211
2018,"102,329",White River High School,All Students,High,2924,3696,0.791125541
2018,"103,299",White Swan High School,All Students,High,428,716,0.597765363
2018,"101,124",Whitman Middle School,All Students,Middle,2099,2320,0.904741379
2018,"102,003",Willapa Valley Middle-High,All Students,Middle,450,546,0.824175824
2018,"100,850",Wilson Creek High,All Students,High,196,230,0.852173913
2018,"103,197",Wilson Middle School,All Students,Middle,2055,2593,0.792518319
2018,"102,427",Wind River Middle School,All Students,Middle,295,378,0.78042328
2018,"105,413",WINDWARD HIGH SCHOOL,All Students,High,249,352,0.707386364
2018,"101,840",Winlock Middle School,All Students,Middle,387,474,0.816455696
2018,"101,839",Winlock Senior High,All Students,High,486,568,0.855633803
2018,"100,907",Wishkah Valley Elementary/High School,All Students,High,400,448,0.892857143
2018,"101,789",Wishram High And Elementary Schl,All Students,High,215,253,0.849802372
2018,"102,237",Woodbrook Middle School,All Students,Middle,1350,1579,0.854971501
2018,"100,698",Woodland High School,All Students,High,1839,2156,0.85296846
2018,"105,913",Woodland Middle School,All Students,Middle,1829,2141,0.854273704
2018,"101,695",Woodward Middle School,All Students,Middle,1576,1788,0.881431767
2018,"100,608",Wyeast Middle School,All Students,Middle,2224,2669,0.833270888
2018,"102,916",Yelm High School 12,All Students,High,3241,4174,0.776473407
2018,"102,915",Yelm Middle School,All Students,Middle,1735,2120,0.818396226
2018,"103,267",Zillah High School,All Students,High,1128,1313,0.859101295
2018,"103,272",Zillah Middle School,All Students,Middle,575,674,0.853115727
2019,"103,918",Garfield at Palouse High School,All Students,High,51,94,54.3
2019,"103,967",Okanogan Alternative High School,All Students,High,60,69,87.0
2019,"101,941",Omak High School,All Students,High,637,1105,57.6
2019,"102,843",Spokane Valley High School,All Students,High,182,317,57.4
2019,"102,768",Mead Alternative High School (Closed after 2018-2019 school year),All Students,High,241,320,75.3
2019,"100,777",Palouse Junction High School,All Students,High,88,115,76.5
2019,"102,661",Lincoln Hill High School,All Students,High,297,445,66.7
2019,"102,356",Twin Cedars High School,All Students,High,,,
2019,"106,068",Edmonds S. Meany Middle School,All Students,Middle,815,1003,81.3
2019,"105,922",East Grays Harbor High School,All Students,High,23,68,33.8
2019,"105,988",Gibson Ek High School,All Students,High,308,435,70.8
2019,"105,905",Discovery High School-Achieve,All Students,High,133,150,88.7
2019,"105,803",Highline Home School Center,All Students,High,,,
2019,"105,780",Endeavor Middle School,All Students,Middle,541,760,71.2
2019,"105,627",Discovery High School,All Students,High,256,486,52.7
2019,"105,533",Mabton Jr. Sr. High,All Students,High,876,1101,79.6
2019,"105,470","Nikola Tesla Science, Technology, Engineering, and Math High School",All Students,High,1686,1787,94.3
2019,"104,953",Cap Sante High School,All Students,High,98,234,41.9
2019,"104,997",Washington Virtual Academy Omak Middle School,All Students,Middle,,,
2019,"105,208",Liberty Middle School,All Students,Middle,1855,2266,81.9
2019,"105,266",Paideia High School,All Students,High,115,165,69.7
2019,"104,484",Phoenix High School,All Students,High,65,178,36.5
2019,"104,768",Glacier View Junior High,All Students,Middle,1913,2563,74.6
2019,"104,342",Kingston High School,All Students,High,1598,2220,72.0
2019,"104,420",Cavelero Mid High School,All Students,High,3623,4083,88.7
2019,"104,201",Sierra Vista Middle School,All Students,Middle,1718,2160,79.5
2019,"104,146",Sequoyah Middle School,All Students,Middle,1421,1800,78.9
2019,"104,150",Graham Kapowsin High School,All Students,High,4690,5788,81.0
2019,"100,620",Shahala Middle School,All Students,Middle,2901,3369,86.1
2019,"100,567",Hockinson High School,All Students,High,1468,2016,72.8
2019,"104,139",Mt. Solo Middle School,All Students,Middle,1070,1288,83.1
2019,"103,836",Angelo Giaudrone Middle School,All Students,Middle,1214,1971,61.6
2019,"100,584",Canyon Creek Middle School,All Students,Middle,601,721,83.4
2019,"101,443",Tahoma Jr High (Closed after 2016-2017 school year),All Students,High,1209,1351,89.5
2019,"103,260",Highland High School,All Students,High,873,1060,82.4
2019,"102,482",Highland Elementary,All Students,High,1740,1904,91.4
2019,"102,615",Hidden River Middle School,All Students,Middle,1204,1380,87.2
2019,"102,958",A G West Black Hills High School,All Students,High,2237,2624,85.3
2019,"100,627",Skyridge Middle School,All Students,Middle,2391,2603,91.9
2019,"103,073",Squalicum High School,All Students,High,3015,3965,76.0
2019,"101,615",Kentlake High School,All Students,High,3599,4637,77.6
2019,"100,648",Summit View High School,All Students,High,1095,1261,86.8
2019,"102,957",George Washington Bush Middle Sch,All Students,Middle,1881,2057,91.4
2019,"101,223",Saghalie Middle School (Closed after 2016-2017 school year),All Students,Middle,362,495,73.1
2019,"102,747",Chase Middle School,All Students,Middle,1621,2174,74.6
2019,"100,572",La Center High School,All Students,High,1351,1657,81.5
2019,"102,942",Komachin Middle School,All Students,Middle,1851,2213,83.6
2019,"102,202",North Tapps Middle School,All Students,Middle,1414,1579,89.6
2019,"101,562",Inglewood Middle School,All Students,Middle,3515,3761,93.5
2019,"101,710",Kingston Middle School,All Students,Middle,1223,1525,80.2
2019,"102,996",Rochester High School,All Students,High,1597,1994,80.1
2019,"102,633",AIM High School,All Students,High,234,501,46.7
2019,"101,918",Choice Middle and High School,All Students,Middle,448,742,60.4
2019,"101,973",Tonasket Middle School,All Students,Middle,721,864,83.4
2019,"102,640",Lakewood High School,All Students,High,1582,2275,69.5
2019,"102,497",Explorer Middle School,All Students,Middle,2486,2925,85.0
2019,"100,549",Gaiser Middle School,All Students,Middle,2029,2699,75.2
2019,"101,507",Shorewood High School,All Students,High,3693,4842,76.3
2019,"100,550",Lewis and Clark High School,All Students,High,168,295,56.9
2019,"101,439",Maple View Middle School,All Students,Middle,2380,2679,88.8
2019,"102,261",Key Peninsula Middle School,All Students,Middle,1203,1438,83.7
2019,"101,557",Northstar Middle School,All Students,Middle,263,275,95.6
2019,"101,598",Kentwood High School,All Students,High,4629,6069,76.3
2019,"103,293",West Valley Jr High,All Students,High,2235,2585,86.5
2019,"103,033",Columbia High School,All Students,High,561,720,77.9
2019,"103,211",East Valley Central Middle School,All Students,Middle,1945,2295,84.7
2019,"102,976",Capital High School,All Students,High,3421,4189,81.7
2019,"102,765",Medical Lake Middle School,All Students,Middle,1057,1236,85.5
2019,"100,417",Hanford High School,All Students,High,5411,6374,84.9
2019,"102,556",Scriber Lake High School,All Students,High,284,842,33.7
2019,"101,546",Emerson High School,All Students,High,54,191,28.3
2019,"102,904",Springdale Middle School,All Students,Middle,208,335,62.1
2019,"103,091",Blaine Middle School,All Students,Middle,1295,1513,85.6
2019,"102,553",College Place Middle School,All Students,Middle,1206,1435,84.0
2019,"103,084",Vista Middle School,All Students,Middle,1557,1851,84.1
2019,"100,600",Cascade Middle School,All Students,Middle,2266,2909,77.9
2019,"102,974",Washington Middle School,All Students,Middle,2221,2448,90.7
2019,"101,505",Albert Einstein Middle School,All Students,Middle,1916,2156,88.9
2019,"102,493",Mariner High School,All Students,High,5259,6981,75.3
2019,"102,549",Brier Terrace Middle School,All Students,Middle,1690,1969,85.8
2019,"102,930",Nisqually Middle School,All Students,Middle,2143,2512,85.3
2019,"100,822",Royal Middle School,All Students,Middle,676,778,86.9
2019,"100,878",Hoquiam High School,All Students,High,1103,1443,76.4
2019,"100,897",Taholah High School,All Students,High,65,193,33.7
2019,"101,839",Winlock Senior High,All Students,High,475,553,85.9
2019,"103,040",Prescott Jr Sr High,All Students,High,265,359,73.8
2019,"103,069",Sehome High School,All Students,High,2906,3568,81.4
2019,"102,853",Centennial Middle School,All Students,Middle,1404,1902,73.8
2019,"103,026",John Sager Middle School,All Students,Middle,820,1050,78.1
2019,"100,543",Jason Lee Middle School,All Students,Middle,1688,2113,79.9
2019,"101,408",Cedarcrest High School,All Students,High,2640,2956,89.3
2019,"101,640",Canyon Park Middle School,All Students,Middle,2391,2702,88.5
2019,"102,999",Tenino High School,All Students,High,732,1105,66.2
2019,"103,020",Garrison Middle School,All Students,Middle,1506,1806,83.4
2019,"102,324",Glacier Middle School,All Students,Middle,2026,2468,82.1
2019,"102,536",Meadowdale High School,All Students,High,3916,4783,81.9
2019,"100,369",Park Middle School,All Students,Middle,1774,2190,81.0
2019,"100,868",J M Weatherwax High School,All Students,High,2126,2762,77.0
2019,"101,809",Goldendale Middle School,All Students,Middle,688,919,74.9
2019,"103,138",Lincoln Middle School,All Students,Middle,1743,1960,88.9
2019,"100,540",Columbia River High,All Students,High,2696,3587,75.2
2019,"102,724",Sacajawea Middle School,All Students,Middle,2058,2422,85.0
2019,"100,732",Eastmont Junior High,All Students,Middle,2293,2790,82.2
2019,"100,907",Wishkah Valley Elementary/High School,All Students,High,386,450,85.8
2019,"101,371",Chinook Middle School,All Students,Middle,2765,2982,92.7
2019,"102,530",Meadowdale Middle School,All Students,Middle,1924,2284,84.2
2019,"101,231",Enumclaw Sr High School,All Students,High,2823,3910,72.2
2019,"101,913",Shelton High School,All Students,High,1963,3003,65.4
2019,"102,449",Evergreen Middle School,All Students,Middle,2432,3165,76.8
2019,"101,123",Ingraham High School,All Students,High,3295,4157,79.3
2019,"102,228",Mann Middle School,All Students,Middle,1013,1224,82.8
2019,"102,275",Morris Ford Middle School,All Students,Middle,2453,2922,83.9
2019,"100,788",Kahlotus Elem & High,All Students,High,112,143,78.3
2019,"101,707",North Kitsap High School,All Students,High,2833,3480,81.4
2019,"101,828",Mossyrock Jr./Sr. High School,All Students,High,531,670,79.3
2019,"102,175",Curtis Junior High,All Students,Middle,2573,2928,87.9
2019,"103,065",Shuksan Middle School,All Students,Middle,1612,2015,80.0
2019,"100,539",Mcloughlin Middle School,All Students,Middle,2321,3072,75.6
2019,"101,362",Highland Middle School,All Students,Middle,1285,1461,88.0
2019,"101,930",Hawkins Middle School,All Students,Middle,1100,1439,76.4
2019,"101,898",Harrington High School,All Students,High,104,159,65.4
2019,"100,505",Neah Bay Junior/ Senior High School,All Students,Middle,369,530,69.6
2019,"101,117",Mercer International Middle School,All Students,Middle,3007,3504,85.8
2019,"101,118",Chief Sealth International High School,All Students,High,2148,3255,66.0
2019,"101,281",Chinook Middle School,All Students,Middle,1441,1795,80.3
2019,"101,629",Bothell High School,All Students,High,4042,4772,84.7
2019,"103,289",West Valley High School,All Students,High,2755,3532,78.0
2019,"103,240",Sunnyside High School,All Students,High,4080,5979,68.2
2019,"100,814",Almira Coulee Hartline High School,All Students,High,228,256,89.1
2019,"103,031",Columbia Middle School,All Students,Middle,448,518,86.5
2019,"103,121",Mount Baker Junior High,All Students,Middle,755,918,82.2
2019,"100,841",Ephrata High School,All Students,High,1752,2297,76.3
2019,"100,401",Housel Middle School,All Students,Middle,1564,1879,83.2
2019,"100,709",Huntington Middle School,All Students,Middle,1433,1721,83.3
2019,"103,003",Julius A Wendt Elementary/John C Thomas Middle School,All Students,Middle,856,1000,85.6
2019,"103,252",Toppenish High School,All Students,High,2254,2823,79.8
2019,"101,450",Mount Si High School,All Students,High,4823,5625,85.7
2019,"101,107",David T. Denny International Middle School,All Students,Middle,2020,2567,78.7
2019,"102,293",Bethel High School,All Students,High,3901,5143,75.9
2019,"100,412",Chief Joseph Middle School,All Students,Middle,1809,2290,79.0
2019,"100,855",Lake Roosevelt Jr/Sr High School,All Students,High,687,1017,67.6
2019,"100,411",Carmichael Middle School,All Students,Middle,2304,2751,83.8
2019,"101,357",Bellevue High School,All Students,High,4313,4899,88.0
2019,"102,392",Anacortes Middle School,All Students,Middle,1517,1708,88.8
2019,"101,717",Central Kitsap High School,All Students,High,3543,4552,77.8
2019,"100,826",Frontier Middle School,All Students,Middle,1665,2234,74.5
2019,"100,682",Toutle Lake High School,All Students,High,781,951,82.1
2019,"100,692",Kalama Middle School,All Students,Middle,677,780,86.8
2019,"101,789",Wishram High And Elementary Schl,All Students,High,180,214,84.1
2019,"102,563",Arlington High School,All Students,High,3941,4920,80.1
2019,"103,263",Granger Middle School,All Students,Middle,1216,1374,88.5
2019,"103,102",Meridian High School,All Students,High,1191,1527,78.0
2019,"100,962",Port Townsend High School,All Students,High,805,1041,77.3
2019,"101,350",Skykomish High School,All Students,High,32,46,69.6
2019,"101,771",Morgan Middle School,All Students,Middle,1831,2211,82.8
2019,"103,110",Nooksack Valley High School,All Students,High,1128,1412,79.9
2019,"102,915",Yelm Middle School,All Students,Middle,1749,2146,81.5
2019,"102,872",Jenkins Junior/Senior High,All Students,Middle,836,1092,76.6
2019,"100,634",Battle Ground High School,All Students,High,5020,6219,80.7
2019,"101,309",Vashon Island High School,All Students,High,1353,1634,82.8
2019,"102,366",Burlington Edison High School,All Students,High,1934,3137,61.7
2019,"101,089",Cleveland High School STEM,All Students,High,2027,2638,76.8
2019,"101,848",Onalaska High School,All Students,High,537,700,76.7
2019,"103,208",East Valley High School,All Students,High,2077,2619,79.3
2019,"103,179",Washington Middle School,All Students,Middle,1937,2457,78.8
2019,"100,434",Chelan Middle School,All Students,Middle,833,963,86.5
2019,"100,703",Kelso High School,All Students,High,3689,4766,77.4
2019,"101,743",South Kitsap High School,All Students,High,5831,7658,76.1
2019,"102,248",Henderson Bay Alt High School,All Students,High,321,504,63.7
2019,"102,374",State Street High School,All Students,High,422,662,63.7
2019,"100,973",Middle College High School,All Students,Middle,74,265,27.9
2019,"101,993",South Bend High School,All Students,High,620,775,80.0
2019,"100,738",Mansfield Elem and High School,All Students,High,224,294,76.2
2019,"103,035",Preston Hall Middle School,All Students,Middle,132,204,64.7
2019,"100,521",Fort Vancouver High School,All Students,High,2610,4644,56.2
2019,"100,888",Montesano Jr-Sr High,All Students,High,1703,1938,87.9
2019,"101,062",Franklin High School,All Students,High,2941,3819,77.0
2019,"101,878",Sprague High School,All Students,High,59,95,62.1
2019,"101,906",Grapeview Elementary & Middle School,All Students,Middle,618,672,92.0
2019,"101,965",Liberty Bell Jr Sr High,All Students,High,591,850,69.5
2019,"102,377",Sedro Woolley Senior High School,All Students,High,2441,3529,69.2
2019,"103,175",Davis High School,All Students,High,4573,6995,65.4
2019,"102,038",Puyallup High School,All Students,High,3890,5452,71.3
2019,"102,437",Everett High School,All Students,High,2770,4352,63.6
2019,"102,645",Sultan Middle School,All Students,Middle,1176,1399,84.1
2019,"102,690",North Central High School,All Students,High,3392,4508,75.2
2019,"106,165",Odyssey Middle School,All Students,Middle,212,226,93.8
2019,"106,067",Vera Risdon Middle School,All Students,Middle,1508,1707,88.3
2019,"106,076",Leona Libby Middle School,All Students,Middle,1277,1419,90.0
2019,"105,789",College Place High School,All Students,High,896,1214,73.8
2019,"105,799",Highline Open Doors 1418,All Students,High,,,
2019,"105,904",Step to College Open Doors High School,All Students,High,,,
2019,"105,530",Manson Middle School,All Students,Middle,379,453,83.7
2019,"105,541",Lind-Ritzville Middle School,All Students,Middle,112,149,75.2
2019,"105,413",WINDWARD HIGH SCHOOL,All Students,High,163,228,71.5
2019,"105,222",Marysville Pilchuck High School,All Students,High,2446,3731,65.6
2019,"105,269",Selkirk Middle School,All Students,Middle,131,168,78.0
2019,"105,270",Selkirk High School,All Students,High,159,247,64.4
2019,"104,924",Puget Sound High School,All Students,High,142,286,49.7
2019,"104,998",Washington Virtual Academy Omak High School,All Students,High,,,
2019,"104,881",Career Academy at Truman High School,All Students,High,104,326,31.9
2019,"104,883",Chiawana Senior High School,All Students,High,6790,8160,83.2
2019,"104,893",Aspire Middle School,All Students,Middle,805,921,87.4
2019,"104,896",First Creek Middle School,All Students,Middle,2089,2305,90.6
2019,"104,740",Chief Umtuch Middle,All Students,Middle,1552,1761,88.1
2019,"104,471",Hayes Freedom High School,All Students,High,280,446,62.8
2019,"104,348",Daybreak Middle,All Students,Middle,1152,1411,81.6
2019,"104,204",Ridgeline Middle School,All Students,Middle,1668,1909,87.4
2019,"104,207",Liberty Middle School,All Students,Middle,2217,2442,90.8
2019,"104,154",Auburn Mountainview High School,All Students,High,3543,4734,74.8
2019,"100,629",Camas High School,All Students,High,5751,6610,87.0
2019,"101,226",Todd Beamer High School,All Students,High,3201,4884,65.5
2019,"103,835",Olympic Middle School,All Students,Middle,1454,1809,80.4
2019,"103,919",Thomas Jefferson Middle School,All Students,Middle,2153,2570,83.8
2019,"103,087",Horizon Middle School,All Students,Middle,1122,1390,80.7
2019,"103,272",Zillah Middle School,All Students,Middle,557,650,85.7
2019,"102,782",Mt Spokane High School,All Students,High,3972,4723,84.1
2019,"102,197",Mountain View Middle School,All Students,Middle,1801,2120,85.0
2019,"101,695",Woodward Middle School,All Students,Middle,1493,1772,84.3
2019,"102,415",Mount Baker Middle School,All Students,Middle,1580,2086,75.7
2019,"101,660",Timbercrest Middle School,All Students,Middle,2023,2289,88.4
2019,"102,757",Lakeside Middle School,All Students,Middle,870,997,87.3
2019,"100,382",Horse Heaven Hills Middle School,All Students,Middle,2291,2532,90.5
2019,"100,470",Foothills Middle School,All Students,Middle,1524,1809,84.2
2019,"101,565",Eastlake High School,All Students,High,5064,5693,89.0
2019,"101,683",Mountain View Middle School,All Students,Middle,2098,2694,77.9
2019,"103,072",Kulshan Middle School,All Students,Middle,1404,1730,81.2
2019,"100,967",Blue Heron Middle School,All Students,Middle,819,1137,72.0
2019,"102,636",Centennial Middle School,All Students,Middle,1951,2407,81.1
2019,"101,429",Rainier Middle School,All Students,Middle,2417,2874,84.1
2019,"101,850",Onalaska Middle School,All Students,Middle,484,565,85.7
2019,"102,648",Sultan Senior High School,All Students,High,1567,1656,94.6
2019,"100,422",Rivers Edge High School,All Students,High,511,802,63.7
2019,"102,878",Wellpinit Middle School,All Students,Middle,203,249,81.5
2019,"102,590",Marysville Mountain View High School (Closed after 2017-2018 school year),All Students,High,128,328,39.0
2019,"100,895",Elma Middle School,All Students,Middle,831,999,83.2
2019,"100,437",Chelan High School,All Students,High,1181,1384,85.3
2019,"100,955",Chimacum Middle School (Closed after 2018-2019 school year),All Students,Middle,425,552,77.0
2019,"101,983",Ilwaco High School,All Students,High,586,826,70.9
2019,"101,958",Brewster Middle School,All Students,Middle,572,644,88.8
2019,"102,318",Eatonville Middle School,All Students,Middle,995,1176,84.6
2019,"100,583",Jemtegaard Middle School,All Students,Middle,1285,1602,80.2
2019,"100,612",Pacific Middle School,All Students,Middle,2435,2975,81.8
2019,"101,236",Enumclaw Middle School,All Students,Middle,1163,1442,80.7
2019,"100,722",Bridgeport Middle School,All Students,Middle,667,693,96.2
2019,"100,752",Inchelium Middle School,All Students,Middle,108,156,69.2
2019,"102,804",Horizon Middle School,All Students,Middle,1229,1513,81.2
2019,"103,097",Lynden High School,All Students,High,2349,2690,87.3
2019,"102,911",Kettle Falls High School,All Students,High,511,693,73.7
2019,"102,064",Ferrucci Jr High,All Students,High,1587,2165,73.3
2019,"101,757",John Sedgwick Middle School,All Students,Middle,1759,2148,81.9
2019,"101,556",Evergreen Middle School,All Students,Middle,3259,3579,91.1
2019,"102,302",Spanaway Lake High School,All Students,High,3527,4583,77.0
2019,"101,597",Mattson Middle School,All Students,Middle,1684,1906,88.4
2019,"102,459",Sequoia High School,All Students,High,221,596,37.1
2019,"102,657",Granite Falls Middle School,All Students,Middle,971,1243,78.1
2019,"102,859",Deer Park High School,All Students,High,1652,2025,81.6
2019,"102,160",Oakland High School,All Students,High,42,636,6.6
2019,"103,281",Pace Alternative High School,All Students,High,37,233,15.9
2019,"100,373",Desert Hills Middle School,All Students,Middle,2447,2647,92.4
2019,"103,104",Meridian Middle School,All Students,Middle,838,934,89.7
2019,"100,690",Castle Rock Middle School,All Students,Middle,740,905,81.8
2019,"102,060",E B Walker High School,All Students,High,96,396,24.2
2019,"102,629",High School Re Entry,All Students,High,24,67,35.8
2019,"102,554",Lynnwood High School,All Students,High,3374,4324,78.0
2019,"102,737",Garry Middle School,All Students,Middle,1195,1764,67.7
2019,"101,210",Decatur High School,All Students,High,2542,4284,59.3
2019,"101,143",Aki Kurose Middle School,All Students,Middle,1745,2128,82.0
2019,"100,653",View Ridge Middle School,All Students,Middle,1156,1366,84.6
2019,"101,212",Illahee Middle School,All Students,Middle,1968,2476,79.5
2019,"102,401",La Conner Middle,All Students,Middle,353,445,79.3
2019,"100,810",Warden Middle School,All Students,Middle,577,684,84.4
2019,"100,419",Enterprise Middle School,All Students,Middle,2265,2648,85.5
2019,"102,411",La Venture Middle School,All Students,Middle,1615,2032,79.5
2019,"102,777",Northwood Middle School,All Students,Middle,2329,2685,86.7
2019,"100,869",Harbor High School,All Students,High,47,325,14.5
2019,"100,884",North Beach Junior High School,All Students,Middle,192,296,64.9
2019,"103,000",Tenino Middle School,All Students,Middle,729,886,82.3
2019,"102,335",Surprise Lake Middle School,All Students,Middle,1565,1792,87.3
2019,"102,897",Columbia High And Elementary,All Students,High,298,426,70.0
2019,"101,346",Lindbergh Senior High School,All Students,High,2875,3824,75.2
2019,"100,370",Kamiakin High School,All Students,High,4788,5313,90.1
2019,"101,752",Cedar Heights Middle School,All Students,Middle,1946,2320,83.9
2019,"101,208",Kilo Middle School,All Students,Middle,1375,1831,75.1
2019,"101,817",Lyle Middle School,All Students,Middle,116,165,70.3
2019,"102,279",Washington High School,All Students,High,2348,3040,77.2
2019,"101,312",McMurray Middle School,All Students,Middle,1028,1189,86.5
2019,"102,817",Cheney High School,All Students,High,2321,3911,59.3
2019,"101,467",Maywood Middle School,All Students,Middle,3173,3483,91.1
2019,"101,586",Kentridge High School,All Students,High,5496,6576,83.6
2019,"100,449",Cascade High School,All Students,High,1063,1299,81.8
2019,"101,201",Thomas Jefferson High School,All Students,High,3383,5262,64.3
2019,"100,698",Woodland High School,All Students,High,1848,2211,83.6
2019,"102,543",Alderwood Middle School,All Students,Middle,2130,2446,87.1
2019,"101,803",Klickitat Elem & High,All Students,High,194,234,82.9
2019,"102,237",Woodbrook Middle School,All Students,Middle,1325,1613,82.1
2019,"100,468",Orchard Middle School,All Students,Middle,1205,1441,83.6
2019,"100,844",Ephrata Middle School,All Students,Middle,1005,1192,84.3
2019,"101,192",Lakota Middle School,All Students,Middle,1915,2444,78.4
2019,"101,463",Issaquah High School,All Students,High,6243,7203,86.7
2019,"102,795",University High School,All Students,High,3503,5319,65.9
2019,"103,131",Tekoa High School,All Students,High,246,280,87.9
2019,"101,193",Totem Middle School,All Students,Middle,1645,2127,77.3
2019,"101,792",Bickleton Elementary & High Schl,All Students,High,328,339,96.8
2019,"102,277",Perry G Keithley Middle School,All Students,Middle,2210,2507,88.2
2019,"101,635",Kenmore Middle School,All Students,Middle,1762,2073,85.0
2019,"102,903",Mary Walker High School,All Students,High,332,538,61.7
2019,"100,712",Coweeman Middle School,All Students,Middle,1489,1766,84.3
2019,"101,125",Rainier Beach High School,All Students,High,1458,2234,65.3
2019,"101,292",Pacific Middle School,All Students,Middle,1446,1895,76.3
2019,"101,999",Naselle-Grays River Valley Jr Sr High Schools,All Students,High,361,512,70.5
2019,"100,366",Highlands Middle School,All Students,Middle,2024,2473,81.8
2019,"100,441",CASHMERE HIGH SCHOOL,All Students,High,1309,1493,87.7
2019,"100,809",Warden High School,All Students,High,649,840,77.3
2019,"101,367",Sammamish Senior High,All Students,High,2956,3436,86.0
2019,"101,499",Highland Terrace Elementary,All Students,High,1380,1479,93.3
2019,"102,185",Sumner High School,All Students,High,4000,5448,73.4
2019,"102,226",Hudtloff Middle School,All Students,Middle,1767,2264,78.0
2019,"102,295",Bethel Middle School,All Students,Middle,1779,2131,83.5
2019,"100,466",Pioneer Middle School,All Students,Middle,1606,1867,86.0
2019,"100,835",Moses Lake High School,All Students,High,4455,7121,62.6
2019,"101,245",Islander Middle School,All Students,Middle,3252,3456,94.1
2019,"102,910",Kettle Falls Middle School,All Students,Middle,636,714,89.1
2019,"101,283",Cascade Middle School,All Students,Middle,1264,1701,74.3
2019,"101,931",North Mason Senior High School,All Students,High,2183,2254,96.9
2019,"102,969",Olympia High School,All Students,High,4603,5425,84.8
2019,"103,090",Blaine High School,All Students,High,1591,2020,78.8
2019,"103,280",Wapato High School,All Students,High,1803,2575,70.0
2019,"102,565",Post Middle School,All Students,Middle,1498,1900,78.8
2019,"100,538",Hudson's Bay High School,All Students,High,2088,3660,57.0
2019,"102,790",Central Valley High School,All Students,High,4271,6543,65.3
2019,"102,994",Rochester Middle School,All Students,Middle,1312,1620,81.0
2019,"102,353",Friday Harbor Middle School,All Students,Middle,369,509,72.5
2019,"100,333",Othello High School,All Students,High,2617,3319,78.8
2019,"100,910",Ocosta Junior - Senior High,All Students,Middle,725,885,81.9
2019,"102,925",North Thurston High School,All Students,High,3519,4289,82.0
2019,"101,271",Sylvester Middle School,All Students,Middle,1511,2014,75.0
2019,"103,148",Garfield Middle School,All Students,Middle,63,75,84.0
2019,"100,389",Kiona-Benton City High School,All Students,High,1047,1319,79.4
2019,"100,762",Pasco Senior High School,All Students,High,5067,6716,75.4
2019,"102,271",Franklin Pierce High School,All Students,High,2780,3594,77.4
2019,"101,398",Foster Senior High School,All Students,High,2079,2799,74.3
2019,"101,435",Tahoma Senior High School,All Students,High,6099,7090,86.0
2019,"101,865",White Pass Jr. Sr. High School,All Students,High,460,651,70.7
2019,"101,924",Pioneer Middle School,All Students,Middle,745,899,82.9
2019,"102,361",Concrete High School,All Students,High,475,711,66.8
2019,"102,580",Totem Middle School,All Students,Middle,1192,1718,69.4
2019,"101,574",Kent-Meridian High School,All Students,High,3964,6141,64.5
2019,"101,956",Brewster High School,All Students,High,607,751,80.8
2019,"102,332",Fife High School,All Students,High,2190,2564,85.4
2019,"100,721",Bridgeport High School,All Students,High,548,714,76.8
2019,"101,101",Eckstein Middle School,All Students,Middle,2699,3015,89.5
2019,"101,976",Oroville Middle-High School,All Students,Middle,572,797,71.8
2019,"101,328",Highlands Elementary School,All Students,High,1344,1588,84.6
2019,"100,635",Amboy Middle School,All Students,Middle,1445,1758,82.2
2019,"100,750",Inchelium High School,All Students,High,125,196,63.8
2019,"101,844",Toledo High School,All Students,High,610,763,79.9
2019,"100,426",Manson High School,All Students,High,461,582,79.2
2019,"103,145",Palouse High School,All Students,High,108,162,66.7
2019,"101,766",Thorp Elem & Jr Sr High,All Students,High,415,511,81.2
2019,"101,703",Poulsbo Middle School,All Students,Middle,2101,2478,84.8
2019,"102,709",Rogers High School,All Students,High,2855,4619,61.8
2019,"103,078",Ferndale High School,All Students,High,3189,4350,73.3
2019,"102,812",Cheney Middle School,All Students,Middle,1266,1516,83.5
2019,"100,495",Sequim Senior High,All Students,High,2148,2710,79.3
2019,"101,785",Cle Elum Roslyn High School,All Students,High,546,772,70.7
2019,"101,811",Columbia High School,All Students,High,813,1161,70.0
2019,"102,218",Clover Park High School,All Students,High,1899,3831,49.6
2019,"102,623",Snohomish High School,All Students,High,3709,4918,75.4
2019,"103,163",Oakesdale High School,All Students,High,157,182,86.3
2019,"103,215",Selah High School,All Students,High,2573,3267,78.8
2019,"103,297",Mount Adams Middle School,All Students,Middle,264,409,64.5
2019,"100,650",Ridgefield High School,All Students,High,2026,2630,77.0
2019,"103,117",Mount Baker Senior High,All Students,High,1200,1610,74.5
2019,"100,512",Forks Junior-Senior High School,All Students,Middle,1032,1355,76.2
2019,"101,079",Roosevelt High School,All Students,High,4731,5566,85.0
2019,"101,523",Kirkland Middle School,All Students,Middle,1687,1842,91.6
2019,"101,072",West Seattle High School,All Students,High,2388,3089,77.3
2019,"103,267",Zillah High School,All Students,High,1101,1327,83.0
2019,"101,949",Okanogan Middle School,All Students,Middle,653,805,81.1
2019,"103,154",Endicott/St John Elem and Middle,All Students,Middle,251,302,83.1
2019,"103,095",Lynden Middle School,All Students,Middle,1790,1997,89.6
2019,"100,780",Robert L Olds Junior High School,All Students,Middle,846,1034,81.8
2019,"102,700",Lewis & Clark High School,All Students,High,4427,5583,79.3
2019,"100,893",Elma High School,All Students,High,1122,1422,78.9
2019,"103,050",Fairhaven Middle School,All Students,Middle,1616,1901,85.0
2019,"103,977",Swiftwater Alternative High School,All Students,High,,,
2019,"103,844",Bridgeport Aurora High School,All Students,High,11,60,18.3
2019,"103,849",Wellpinit-Fort Simcoe High School (Closed after 2016-2017 school year),All Students,High,,,
2019,"103,839",Legacy High School,All Students,High,343,686,50.0
2019,"100,455",Westside High School,All Students,High,472,868,54.4
2019,"102,840",Dishman Hills High School,All Students,High,234,1095,21.4
2019,"103,042",Options High School,All Students,High,161,510,31.6
2019,"103,245",Computer Academy Toppenish High School,All Students,High,328,533,61.5
2019,"102,991",H.e.a.r.t. High School,All Students,High,75,125,60.0
2019,"106,176",Kalama High School,All Students,High,738,858,86.0
2019,"104,341",Northwest Career and Technical High School,All Students,High,,,
2019,"106,064",North Creek High School,All Students,High,2539,2924,86.8
2019,"106,069",Robert Eagle Staff Middle School,All Students,Middle,1361,1554,87.6
2019,"106,061",Marysville Getchell High School,All Students,High,2457,3361,73.1
2019,"105,990",Chinook Middle School,All Students,Middle,2067,2697,76.6
2019,"105,913",Woodland Middle School,All Students,Middle,1866,2188,85.3
2019,"105,786",Futurus High School,All Students,High,88,211,41.7
2019,"105,772",East Valley Middle School,All Students,Middle,1102,1482,74.4
2019,"105,777",Jane Addams Middle School,All Students,Middle,2497,2816,88.7
2019,"105,556",Lind Ritzville Middle School,All Students,Middle,156,192,81.3
2019,"105,625",Henrietta Lacks Health and Bioscience High School,All Students,High,1251,1824,68.6
2019,"105,485",Westwood Middle School,All Students,Middle,1525,1845,82.7
2019,"105,524",Talley High School,All Students,High,422,931,45.3
2019,"105,231",West Valley High School Freshman Campus (Closed after 2018-2019 school year),All Students,High,1023,1249,81.9
2019,"104,777",Wahluke Junior High,All Students,Middle,1572,1742,90.2
2019,"104,897",Crossroads High School,All Students,High,249,531,46.9
2019,"104,722",Glacier Peak High School,All Students,High,4360,5396,80.8
2019,"104,732",Tukes Valley Middle School,All Students,Middle,1244,1462,85.1
2019,"104,746",Twin Falls Middle School,All Students,Middle,2208,2476,89.2
2019,"104,002",Haller Middle School,All Students,Middle,1660,2013,82.5
2019,"104,031",Mill Creek Middle School,All Students,Middle,2114,2580,81.9
2019,"101,238",Thunder Mountain Middle School,All Students,Middle,1221,1393,87.7
2019,"102,345",Orcas Island Middle School,All Students,Middle,214,249,85.9
2019,"103,859",Columbia Junior High School,All Students,Middle,1499,1776,84.4
2019,"102,667",Port Susan Middle School,All Students,Middle,1309,1520,86.1
2019,"102,071",Emerald Ridge High School,All Students,High,3140,4626,67.9
2019,"101,479",Skyline High School,All Students,High,5808,6594,88.1
2019,"100,616",Frontier Middle School,All Students,Middle,2067,2481,83.3
2019,"100,560",Discovery Middle School,All Students,Middle,1462,2053,71.2
2019,"103,295",West Valley Middle School,All Students,Middle,2183,2607,83.7
2019,"102,982",Thurgood Marshall Middle School,All Students,Middle,969,1136,85.3
2019,"101,613",Northwood Middle School,All Students,Middle,1678,1827,91.8
2019,"101,477",Beaver Lake Middle School,All Students,Middle,2368,2577,91.9
2019,"101,431",Mt Baker Middle School,All Students,Middle,2552,3077,82.9
2019,"102,506",Kamiak High School,All Students,High,5413,6257,86.5
2019,"102,466",Henry M. Jackson High School,All Students,High,5211,6727,77.5
2019,"102,069",Doris Stahl Junior High,All Students,Middle,1839,2540,72.4
2019,"102,310",Frontier Middle School,All Students,Middle,1860,2241,83.0
2019,"102,504",Voyager Middle School,All Students,Middle,2238,2698,83.0
2019,"102,463",Heatherwood Middle School,All Students,Middle,2666,3028,88.0
2019,"102,939",South Sound High School,All Students,High,199,601,33.1
2019,"102,207",Orting Middle School,All Students,Middle,1619,1841,87.9
2019,"101,947",Highlands High School,All Students,High,15,56,26.8
2019,"102,567",Weston High School,All Students,High,242,463,52.3
2019,"101,945",Omak Middle School,All Students,Middle,762,999,76.3
2019,"102,498",ACES High School,All Students,High,144,588,24.5
2019,"100,796",Wahluke High School,All Students,High,1172,1739,67.4
2019,"102,263",Kopachuck Middle School,All Students,Middle,1426,1577,90.4
2019,"102,838",Liberty Jr High & Elementary,All Students,High,832,1011,82.3
2019,"100,942",South Whidbey High School,All Students,High,892,1318,67.7
2019,"100,609",Mountain View High School,All Students,High,3538,5758,61.4
2019,"102,028",Steilacoom High,All Students,High,2410,3091,78.0
2019,"102,191",Lakeridge Middle School,All Students,Middle,1718,2011,85.4
2019,"102,477",North Lake Middle School,All Students,Middle,2004,2319,86.4
2019,"102,630",Valley View Middle School,All Students,Middle,1916,2211,86.7
2019,"101,729",Olympic High School,All Students,High,2739,3605,76.0
2019,"100,642",Pleasant Valley Middle,All Students,Middle,1403,1629,86.1
2019,"100,934",Coupeville Middle School,All Students,Middle,594,704,84.4
2019,"100,658",Dayton Middle School,All Students,Middle,211,265,79.6
2019,"100,607",Legacy High School,All Students,High,300,805,37.3
2019,"100,390",Kiona-Benton City Middle School,All Students,Middle,818,970,84.3
2019,"102,012",Sadie Halstead Middle School,All Students,Middle,878,1062,82.7
2019,"100,769",New Horizons High School,All Students,High,210,869,24.2
2019,"102,800",Mica Peak High School,All Students,High,178,463,38.4
2019,"101,548",Kamiakin Middle School,All Students,Middle,1540,1778,86.6
2019,"100,928",North Whidbey Middle School,All Students,Middle,1724,2133,80.8
2019,"101,147",Nova High School,All Students,High,,,
2019,"102,799",Evergreen Middle School,All Students,Middle,1884,2307,81.7
2019,"102,639",Lakewood Middle School,All Students,Middle,1366,1746,78.2
2019,"101,544",Juanita High School,All Students,High,3985,4496,88.6
2019,"102,056",Ballou Jr High,All Students,High,2109,2713,77.7
2019,"102,453",Eisenhower Middle School,All Students,Middle,2382,2769,86.0
2019,"101,592",Meeker Middle School,All Students,Middle,1555,1909,81.5
2019,"101,541",Rose Hill Middle School,All Students,Middle,2473,2738,90.3
2019,"103,199",Lewis & Clark Middle School,All Students,Middle,1894,2545,74.4
2019,"101,342",Hazen Senior High School,All Students,High,3803,4997,76.1
2019,"101,384",Odle Middle School,All Students,Middle,2959,3110,95.1
2019,"101,383",Interlake Senior High School,All Students,High,4554,5153,88.4
2019,"102,177",Curtis Senior High,All Students,High,3481,4327,80.4
2019,"102,239",Lochburn Middle School,All Students,Middle,1345,1909,70.5
2019,"103,961",Republic Junior High,All Students,Middle,127,193,65.8
2019,"102,797",Greenacres Middle School,All Students,Middle,1878,2344,80.1
2019,"100,821",Royal High School,All Students,High,1034,1499,69.0
2019,"101,131",Nathan Hale High School,All Students,High,2775,3622,76.6
2019,"101,379",Newport Senior High School,All Students,High,5091,5416,94.0
2019,"102,864",Riverside Middle School,All Students,Middle,817,960,85.1
2019,"103,004",Wahkiakum High School,All Students,High,366,450,81.3
2019,"103,019",Walla Walla High School,All Students,High,3817,5111,74.7
2019,"100,334",McFarland Middle School,All Students,Middle,2344,2676,87.6
2019,"102,051",Aylen Jr High,All Students,High,1747,2359,74.1
2019,"102,475",Lake Stevens Middle School,All Students,Middle,1678,1956,85.8
2019,"102,727",Ferris High School,All Students,High,3967,5312,74.7
2019,"100,506",Clallam Bay High & Elementary,All Students,High,280,378,74.1
2019,"101,502",Kellogg Middle School,All Students,Middle,1758,1982,88.7
2019,"102,450",Cascade High School,All Students,High,4000,5432,73.6
2019,"102,584",Marysville Middle School,All Students,Middle,1839,2484,74.0
2019,"102,928",Chinook Middle School,All Students,Middle,1958,2351,83.3
2019,"102,950",Tumwater High School,All Students,High,2968,3731,79.5
2019,"100,431",Entiat Middle and High School,All Students,Middle,429,530,80.9
2019,"100,597",Covington Middle School,All Students,Middle,2609,3322,78.5
2019,"101,437",Summit Trail Middle School,All Students,Middle,2499,2696,92.7
2019,"101,501",Shorecrest High School,All Students,High,3431,4376,78.4
2019,"102,528",Mountlake Terrace High School,All Students,High,3055,4022,76.0
2019,"103,264",Granger High School,All Students,High,1047,1264,82.8
2019,"101,334",Dimmitt Middle School,All Students,Middle,1720,2296,74.9
2019,"102,723",Glover Middle School,All Students,Middle,1060,1534,69.1
2019,"102,793",Bowdish Middle School,All Students,Middle,1046,1496,69.9
2019,"101,124",Whitman Middle School,All Students,Middle,1785,2016,88.5
2019,"101,722",Central Kitsap Middle School,All Students,Middle,1864,2228,83.7
2019,"101,875",Centralia Middle School,All Students,Middle,1131,1533,73.8
2019,"101,578",Meridian Middle School,All Students,Middle,1568,1825,85.9
2019,"102,772",Mountainside Middle School,All Students,Middle,1991,2322,85.7
2019,"102,807",Freeman High School,All Students,High,796,972,81.9
2019,"102,851",West Valley High School,All Students,High,2001,2754,72.7
2019,"102,382",Cascade Middle School,All Students,Middle,1566,1993,78.6
2019,"102,651",Darrington High School,All Students,High,321,396,81.1
2019,"102,720",Shadle Park High School,All Students,High,2950,3880,76.0
2019,"101,419",Olympic Middle School,All Students,Middle,1824,2526,72.2
2019,"101,902",Davenport Senior High School,All Students,High,721,1010,71.4
2019,"101,706",Middle School Options,All Students,Middle,68,83,81.9
2019,"102,970",Jefferson Middle School,All Students,Middle,1145,1334,85.8
2019,"100,581",Washougal High School,All Students,High,2308,3060,75.4
2019,"100,673",Mark Morris High School,All Students,High,2082,2916,71.4
2019,"101,816",Lyle High School,All Students,High,126,231,54.5
2019,"102,426",Stevenson High School,All Students,High,617,924,66.8
2019,"102,489",Olympic View Middle School,All Students,Middle,2407,2878,83.6
2019,"101,282",Evergreen High School,All Students,High,1198,1983,60.4
2019,"101,461",Issaquah Middle School,All Students,Middle,2614,3019,86.6
2019,"101,748",Marcus Whitman Middle School,All Students,Middle,1630,2050,79.5
2019,"101,243",Mercer Island High School,All Students,High,3915,4604,85.0
2019,"101,333",McKnight Middle School,All Students,Middle,2624,3018,86.9
2019,"100,921",Oak Harbor High School,All Students,High,3371,4746,71.0
2019,"102,352",Friday Harbor High School,All Students,High,544,802,67.8
2019,"102,760",Medical Lake High School,All Students,High,1227,1582,77.6
2019,"100,337",Lind-Ritzville High School,All Students,High,104,168,61.9
2019,"100,480",Port Angeles High School,All Students,High,2526,3414,74.0
2019,"102,206",Orting High School,All Students,High,1811,2472,73.3
2019,"101,417",Auburn Senior High School,All Students,High,3389,5232,64.8
2019,"101,859",W F West High School,All Students,High,2334,2863,81.5
2019,"103,112",Nooksack Valley Middle School,All Students,Middle,962,1085,88.7
2019,"102,786",North Pines Middle School,All Students,Middle,1107,1624,68.2
2019,"103,257",Highland Junior High School,All Students,Middle,531,578,91.9
2019,"100,880",North Beach Senior High School,All Students,High,392,612,64.1
2019,"100,718",Orondo Elementary and Middle School,All Students,Middle,457,547,83.5
2019,"102,916",Yelm High School 12,All Students,High,3471,4552,76.3
2019,"103,231",Grandview High School,All Students,High,2059,2879,71.5
2019,"102,655",Granite Falls High School,All Students,High,1313,1587,82.7
2019,"102,663",Stanwood High School,All Students,High,3202,3997,80.1
2019,"103,299",White Swan High School,All Students,High,402,711,56.5
2019,"102,877",Wellpinit High School,All Students,High,176,244,72.1
2019,"100,940",South Whidbey Middle,All Students,Middle,460,788,58.4
2019,"102,010",Newport High School,All Students,High,640,1093,58.6
2019,"100,850",Wilson Creek High,All Students,High,165,223,74.0
2019,"101,881",Reardan Middle-Senior High School,All Students,Middle,776,1027,75.6
2019,"103,134",Pullman High School,All Students,High,2022,2543,79.5
2019,"100,346",Lincoln Middle School,All Students,Middle,1022,1252,81.6
2019,"100,399",Prosser High School,All Students,High,2080,2659,78.2
2019,"100,353",Asotin Jr Sr High,All Students,High,925,1119,82.7
2019,"101,091",Madison Middle School,All Students,Middle,2342,2739,85.5
2019,"100,667",R A Long High School,All Students,High,1868,2655,70.4
2019,"101,186",Federal Way High School,All Students,High,2997,4794,62.5
2019,"102,472",Lake Stevens Sr High School,All Students,High,4475,5819,76.9
2019,"101,086",Hamilton International Middle School,All Students,Middle,2958,3230,91.6
2019,"101,414",Cascade Middle School,All Students,Middle,1919,2411,79.6
2019,"101,690",Bainbridge High School,All Students,High,3243,4011,80.9
2019,"101,961",Pateros High School,All Students,High,383,444,86.3
2019,"102,439",North Middle School,All Students,Middle,1761,2225,79.1
2019,"100,393",River View High School,All Students,High,741,999,74.2
2019,"100,656",Dayton High School,All Students,High,261,391,66.8
2019,"101,071",Ballard High School,All Students,High,4914,5815,84.5
2019,"101,950",Okanogan High School,All Students,High,660,881,74.9
2019,"103,249",Toppenish Middle School,All Students,Middle,2378,2728,87.2
2019,"100,759",Mcloughlin Middle School,All Students,Middle,3345,3915,85.4
2019,"101,820",Napavine Jr Sr High School,All Students,High,1055,1167,90.4
2019,"102,250",Goodman Middle School,All Students,Middle,1510,1724,87.6
2019,"100,741",Waterville High School,All Students,High,368,467,78.8
2019,"101,868",Centralia High School,All Students,High,2227,3107,71.7
2019,"102,315",Eatonville High School,All Students,High,1437,1905,75.4
2019,"103,276",Wapato Middle School,All Students,Middle,1887,2477,76.2
2019,"100,459",Wenatchee High School,All Students,High,4545,6291,72.2
2019,"103,029",Touchet Elem & High School,All Students,High,499,630,79.2
2019,"103,052",Whatcom Middle School,All Students,Middle,1846,2121,87.0
2019,"103,942",Sage Hills High School (Closed after 2017-2018 school year),All Students,High,9,71,12.7
2019,"101,663",Renaissance Alternative High School,All Students,High,199,410,48.5
2019,"102,810",Three Springs High School,All Students,High,85,134,63.4
2019,"103,227",Compass High School (Closed after 2016-2017 school year),All Students,High,12,33,36.4
2019,"101,927",James A. Taylor High School,All Students,High,27,147,18.4
2019,"100,892",East Grays Harbor High School,All Students,High,32,93,34.4
2019,"102,285",Challenger High School,All Students,High,362,826,43.8
2019,"100,576",Excelsior High School (Closed after 2016-2017 school year),All Students,High,11,45,24.4
2019,"106,164",Discovery High School,All Students,High,99,114,86.8
2019,"104,221",Bates Technical High School,All Students,High,,,
2019,"106,146",Hood Canal Middle School,All Students,Middle,81,107,75.7
2019,"106,003",Salish Middle School,All Students,Middle,1953,2246,87.0
2019,"105,878",Destiny Charter Middle School (Closed after 2018-2019 school year),All Students,Middle,493,688,71.7
2019,"105,890",Selah Middle School,All Students,Middle,2197,2493,88.1
2019,"105,795",Desert Oasis High School,All Students,High,137,287,47.7
2019,"105,133",Pacific Cascade Middle School,All Students,Middle,2818,3014,93.5
2019,"104,814",Shoreline-Monroe High School,All Students,High,,,
2019,"104,613",Union High School,All Students,High,4229,6043,70.0
2019,"104,149",Taholah Elementary & Middle School,All Students,Middle,173,342,50.6
2019,"104,156",Park Place Middle School,All Students,Middle,2005,2333,85.9
2019,"104,233",Global Connections High School (Closed after 2016-2017 school year),All Students,High,305,513,59.5
2019,"103,957",Freeman Middle School,All Students,Middle,561,628,89.3
2019,"104,029",New Market High School,All Students,High,196,208,94.2
2019,"103,864",Cougar Mountain Middle School,All Students,Middle,1551,1903,81.5
2019,"104,138",Bonney Lake High School,All Students,High,3107,4215,73.7
2019,"100,775",Ellen Ochoa Middle School,All Students,Middle,1876,2189,85.7
2019,"102,329",White River High School,All Students,High,2763,3642,75.9
2019,"102,614",Monroe High School,All Students,High,3975,5091,78.1
2019,"100,561",Skyview High School,All Students,High,4614,5820,79.3
2019,"100,499",Sequim Middle School,All Students,Middle,1505,1890,79.6
2019,"100,618",Heritage High School,All Students,High,2935,5382,54.5
2019,"100,384",Southridge High School,All Students,High,4382,5154,85.0
2019,"101,432",Auburn Riverside High School,All Students,High,3745,5015,74.7
2019,"102,505",Harbour Pointe Middle School,All Students,Middle,2192,2478,88.5
2019,"102,465",Gateway Middle School,All Students,Middle,2571,2739,93.9
2019,"101,610",Cedar Heights Middle School,All Students,Middle,1703,2005,84.9
2019,"102,943",River Ridge High School,All Students,High,3006,4020,74.8
2019,"102,265",Harbor Ridge Middle School,All Students,Middle,1582,1831,86.4
2019,"101,452",Chief Kanim Middle School,All Students,Middle,2143,2364,90.7
2019,"100,450",Icicle River Middle School,All Students,Middle,731,854,85.6
2019,"100,558",Alki Middle School,All Students,Middle,1726,1987,86.9
2019,"101,840",Winlock Middle School,All Students,Middle,379,498,76.1
2019,"101,656",Skyview Middle School,All Students,Middle,2704,2997,90.2
2019,"101,861",Chehalis Middle School,All Students,Middle,1510,1891,79.9
2019,"101,409",Tolt Middle School,All Students,Middle,2071,2264,91.5
2019,"102,756",Lakeside High School,All Students,High,1282,1485,86.3
2019,"101,919",Oakland Bay Junior High School,All Students,Middle,1530,2122,72.1
2019,"102,866",Riverside High School,All Students,High,1192,1370,87.0
2019,"101,732",Ridgetop Middle School,All Students,Middle,1752,2234,78.4
2019,"102,304",Cedarcrest Middle School,All Students,Middle,1676,2084,80.4
2019,"100,643",Prairie High School,All Students,High,3816,4753,80.3
2019,"100,608",Wyeast Middle School,All Students,Middle,2133,2654,80.4
2019,"101,167",Washington Middle School,All Students,Middle,2142,2486,86.2
2019,"103,022",Lincoln High School,All Students,High,148,546,27.1
2019,"102,260",Gig Harbor High,All Students,High,4113,4830,85.2
2019,"100,486",Lincoln High School,All Students,High,133,279,47.7
2019,"101,648",Northshore Middle School,All Students,Middle,2282,2582,88.4
2019,"100,395",Finley Middle School,All Students,Middle,491,627,78.3
2019,"101,473",Liberty Sr High School,All Students,High,3403,4147,82.1
2019,"101,846",Toledo Middle School,All Students,Middle,488,545,89.5
2019,"101,472",Pine Lake Middle School,All Students,Middle,2686,2879,93.3
2019,"101,725",Alternative High School (Closed after 2016-2017 school year),All Students,High,112,291,38.5
2019,"101,643",Leota Middle School,All Students,Middle,2312,2650,87.2
2019,"101,724",Fairview Middle School,All Students,Middle,1591,2075,76.7
2019,"102,427",Wind River Middle School,All Students,Middle,285,365,78.1
2019,"102,886",Colville Junior High School,All Students,Middle,782,1210,64.6
2019,"102,297",Spanaway Middle School,All Students,Middle,1750,2208,79.3
2019,"101,144",South Lake High School,All Students,High,36,231,15.6
2019,"102,933",Timberline High School,All Students,High,3892,4762,81.7
2019,"102,972",Reeves Middle School,All Students,Middle,1152,1316,87.5
2019,"102,055",Gov John Rogers High School,All Students,High,3713,5462,68.0
2019,"101,203",Sacajawea Middle School,All Students,Middle,1878,2329,80.6
2019,"102,951",Tumwater Middle School,All Students,Middle,1720,1911,90.0
2019,"100,756",Republic Senior High School,All Students,High,146,277,52.7
2019,"101,535",Finn Hill Middle School,All Students,Middle,1707,1947,87.7
2019,"103,951",Raisbeck Aviation High School,All Students,High,1081,1220,88.6
2019,"101,531",Redmond High School,All Students,High,4957,5906,83.9
2019,"100,639",Laurin Middle School,All Students,Middle,1717,2062,83.3
2019,"102,188",Sumner Middle School,All Students,Middle,1973,2283,86.4
2019,"100,415",Richland High School,All Students,High,4837,5998,80.6
2019,"101,134",McClure Middle School,All Students,Middle,1432,1647,86.9
2019,"100,675",Cascade Middle School,All Students,Middle,1317,1679,78.4
2019,"101,297",Tyee High School,All Students,High,1210,1954,61.9
2019,"101,337",Nelsen Middle School,All Students,Middle,2410,3073,78.4
2019,"101,375",Tillicum Middle School,All Students,Middle,2006,2139,93.8
2019,"102,235",Lakes High School,All Students,High,3748,4220,88.8
2019,"102,728",Salk Middle School,All Students,Middle,1798,2189,82.1
2019,"102,837",Liberty High School,All Students,High,376,499,75.4
2019,"101,813",Wayne M Henkle Middle School,All Students,Middle,420,553,75.9
2019,"102,829",East Valley High School,All Students,High,2621,3431,76.4
2019,"103,142",Colfax High School,All Students,High,760,871,87.3
2019,"103,197",Wilson Middle School,All Students,Middle,2016,2586,78.0
2019,"100,570",La Center Middle School,All Students,Middle,1070,1182,90.5
2019,"100,484",Stevens Middle School,All Students,Middle,1281,1683,76.1
2019,"100,564",Hockinson Middle School,All Students,Middle,1227,1382,88.8
2019,"100,765",Stevens Middle School,All Students,Middle,1748,2156,81.1
2019,"101,291",Mount Rainier High School,All Students,High,3160,4888,64.6
2019,"101,368",Tyee Middle School,All Students,Middle,3008,3108,96.8
2019,"102,885",Colville Senior High School,All Students,High,1241,1596,77.8
2019,"103,241",Harrison Middle School,All Students,Middle,2219,2790,79.5
2019,"100,349",Highland Elementary,All Students,High,747,932,80.2
2019,"100,783",Connell High School,All Students,High,1666,1824,91.3
2019,"100,954",Chimacum Junior/Senior High School,All Students,Middle,690,902,76.5
2019,"101,528",Redmond Middle School,All Students,Middle,2856,3156,90.5
2019,"102,722",Shaw Middle School,All Students,Middle,1378,1768,77.9
2019,"102,858",Deer Park Middle School,All Students,Middle,1129,1415,79.8
2019,"103,194",Eisenhower High School,All Students,High,3669,6273,58.5
2019,"101,832",Morton Junior-Senior High,All Students,Middle,312,500,62.4
2019,"102,523",Edmonds Woodway High School,All Students,High,3829,4887,78.4
2019,"103,128",Lamont Middle School,All Students,Middle,84,105,80.0
2019,"103,234",Grandview Middle School,All Students,Middle,2219,2603,85.2
2019,"100,326",Washtucna Elementary/High School,All Students,High,102,153,66.7
2019,"100,804",Quincy High School,All Students,High,1635,2421,67.5
2019,"100,818",Soap Lake Middle & High School,All Students,Middle,610,836,73.0
2019,"101,674",Bremerton High School,All Students,High,2557,3581,71.4
2019,"102,048",Kalles Junior High,All Students,Middle,2219,2728,81.3
2019,"103,160",St John/Endicott High,All Students,High,140,246,56.9
2019,"100,832",Chief Moses Middle School,All Students,Middle,2257,2911,77.5
2019,"101,774",Ellensburg High School,All Students,High,2097,2929,71.6
2019,"102,907",Northport High School,All Students,High,123,178,69.1
2019,"100,901",Lake Quinault High School (Closed after 2017-2018 school year),All Students,High,80,158,50.6
2019,"103,171",Naches Valley Middle School,All Students,Middle,964,1203,80.1
2019,"101,808",Goldendale High School,All Students,High,641,919,69.7
2019,"101,889",Creston Jr-Sr High School,All Students,High,121,151,80.1
2019,"100,670",Monticello Middle School,All Students,Middle,1211,1615,75.0
2019,"100,363",Kennewick High School,All Students,High,4236,5050,83.9
2019,"103,017",Pioneer Middle School,All Students,Middle,1696,1978,85.7
2019,"101,780",Kittitas High School,All Students,High,942,1149,82.0
2019,"100,727",Eastmont Senior High,All Students,High,3328,4308,77.3
2019,"101,524",Lake Washington High School,All Students,High,4271,5077,84.1
2019,"102,343",Orcas Island High School,All Students,High,221,365,60.5
2019,"101,416",West Auburn Senior High School,All Students,High,279,801,34.8
2019,"100,592",Evergreen High School,All Students,High,2782,5153,54.0
2019,"101,971",Tonasket High School,All Students,High,731,1016,71.9
2019,"102,251",Peninsula High School,All Students,High,3450,4298,80.3
2019,"100,932",Coupeville High School,All Students,High,649,878,73.9
2019,"102,347",Lopez Middle High School,All Students,Middle,184,304,60.5
2019,"103,169",Naches Valley High School,All Students,High,1063,1255,84.7
2019,"102,003",Willapa Valley Middle-High,All Students,Middle,468,570,82.1
2019,"103,061",Bellingham High School,All Students,High,2647,3346,79.1
2019,"101,397",Showalter Middle School,All Students,Middle,1598,1942,82.3
2019,"101,786",Walter Strom Middle School,All Students,Middle,429,587,73.1
2019,"102,046",Edgemont Jr High,All Students,High,1091,1430,76.3
2019,"101,835",Adna Middle/High School,All Students,Middle,1014,1168,86.8
2019,"101,891",Odessa High School,All Students,High,327,364,89.8
2019,"102,391",Anacortes High School,All Students,High,1926,2335,82.5
2019,"102,986",Rainier Senior High School,All Students,High,623,748,83.3
2019,"100,801",Quincy Middle School,All Students,Middle,1051,1251,84.0
2019,"100,949",Quilcene High And Elementary,All Students,High,572,645,88.7
2019,"101,326",Renton Senior High School,All Students,High,2491,3890,64.0
2019,"102,662",Stanwood Middle School,All Students,Middle,1221,1454,84.0
2019,"102,770",Mead Senior High School,All Students,High,4200,4926,85.3
2019,"103,181",Franklin Middle School,All Students,Middle,1921,2574,74.6
2019,"102,015",Cusick Jr Sr High School,All Students,High,290,390,74.4
2019,"103,036",Waitsburg High School,All Students,High,186,288,64.6
2019,"100,875",Hoquiam Middle School,All Students,Middle,962,1139,84.5
2019,"101,989",Raymond Jr Sr High School,All Students,High,647,759,85.2
2019,"100,439",CASHMERE MIDDLE SCHOOL,All Students,Middle,1363,1493,91.3
2019,"101,256",Highline High School,All Students,High,2340,3561,65.7
2019,"102,405",Mount Vernon High School,All Students,High,3879,5815,66.7
2019,"100,345",Charles Francis Adams High School,All Students,High,1478,2404,61.5
2019,"100,860",Miller Junior High,All Students,Middle,1123,1481,75.8
2019,"101,080",Garfield High School,All Students,High,4157,5442,76.4
2019,"101,077",Highland Park Elementary School,All Students,High,824,1008,81.7
2019,"102,399",La Conner High School,All Students,High,427,592,72.1
2019,"100,687",Castle Rock High School,All Students,High,1078,1292,83.4
2019,"100,913",Oakville High School,All Students,High,169,354,47.7
2019,"102,024",Pioneer Middle,All Students,Middle,2074,2344,88.5
2019,"100,790",Pomeroy Jr Sr High School,All Students,High,241,442,54.5
2019,"102,985",Rainier Middle School,All Students,Middle,511,591,86.5
2019,"100,340",Ritzville High School,All Students,High,260,375,69.3
2019,"103,126",Lacrosse High School,All Students,High,46,104,44.2
2019,"103,916",Palouse at Garfield Middle School,All Students,Middle,114,131,87.0
2019,"100,745",Curlew Elem & High School,All Students,High,500,650,76.9
2019,"103,827",Loowit High School,All Students,High,29,74,39.2
2019,"103,831",Eagle Harbor High School,All Students,High,244,349,69.9
2019,"100,358",Legacy High School,All Students,High,306,619,49.4
2019,"102,960",Avanti High School,All Students,High,277,418,66.3
2022,"103,245",Computer Academy Toppenish High School,All Students,High,536,666,80.5
2022,"102,285",Challenger High School,All Students,High,293,864,33.9
2022,"102,248",Henderson Bay Alt High School,All Students,High,225,435,51.7
2022,"102,374",State Street High School,All Students,High,442,696,63.5
2022,"100,973",Middle College High School,All Students,Middle,148,238,62.2
2022,"102,356",Twin Cedars High School,All Students,High,,,
2022,"100,455",Westside High School,All Students,High,487,880,55.3
2022,"102,840",Dishman Hills High School,All Students,High,490,929,52.7
2022,"100,892",East Grays Harbor High School,All Students,High,74,95,77.9
2022,"103,042",Options High School,All Students,High,204,617,33.1
2022,"101,927",James A. Taylor High School,All Students,High,55,143,38.5
2022,"102,661",Lincoln Hill High School,All Students,High,339,496,68.3
2022,"102,945",Cascadia High School,All Students,High,133,331,40.2
2022,"102,991",H.e.a.r.t. High School,All Students,High,76,130,58.5
2022,"101,663",Renaissance Alternative High School,All Students,High,134,361,37.1
2022,"100,777",Palouse Junction High School,All Students,High,85,95,89.5
2022,"102,960",Avanti High School,All Students,High,344,493,69.8
2022,"102,810",Three Springs High School,All Students,High,147,250,58.8
2022,"102,768",Mead Alternative High School (Closed after 2018-2019 school year),All Students,High,84,108,77.8
2022,"102,843",Spokane Valley High School (Closed after 2019-2020 school year),All Students,High,47,103,45.6
2022,"100,358",Legacy High School,All Students,High,570,904,63.1
2022,"103,844",Bridgeport Aurora High School,All Students,High,51,68,75.0
2022,"103,839",Legacy High School,All Students,High,394,949,41.5
2022,"103,827",Loowit High School,All Students,High,20,42,47.6
2022,"103,831",Eagle Harbor High School,All Students,High,230,320,71.9
2022,"103,916",Palouse at Garfield Middle School,All Students,Middle,103,114,90.4
2022,"103,918",Garfield at Palouse High School,All Students,High,66,84,78.6
2022,"103,967",Okanogan Alternative High School,All Students,High,56,59,94.9
2022,"103,977",Swiftwater Alternative High School,All Students,High,63,78,80.8
2022,"100,745",Curlew Elem & High School,All Students,High,573,766,74.8
2022,"101,941",Omak High School,All Students,High,737,1240,59.4
2022,"103,050",Fairhaven Middle School,All Students,Middle,1402,1842,76.1
2022,"103,052",Whatcom Middle School,All Students,Middle,1659,2054,80.8
2022,"102,101",Stadium High School,All Students,High,2886,4537,63.6
2022,"103,126",Lacrosse High School,All Students,High,74,119,62.2
2022,"102,645",Sultan Middle School,All Students,Middle,1251,1395,89.7
2022,"102,690",North Central High School,All Students,High,3699,4644,79.7
2022,"103,175",Davis High School,All Students,High,4720,7364,64.1
2022,"101,446",Snoqualmie Middle School,All Students,Middle,918,1066,86.1
2022,"102,038",Puyallup High School,All Students,High,3910,5392,72.5
2022,"102,437",Everett High School,All Students,High,2774,4329,64.1
2022,"103,276",Wapato Middle School,All Students,Middle,1777,2507,70.9
2022,"100,340",Ritzville High School,All Students,High,241,323,74.6
2022,"100,459",Wenatchee High School,All Students,High,3450,6139,56.2
2022,"100,893",Elma High School,All Students,High,1048,1460,71.8
2022,"101,906",Grapeview Elementary & Middle School,All Students,Middle,530,638,83.1
2022,"101,965",Liberty Bell Jr Sr High,All Students,High,641,928,69.1
2022,"102,377",Sedro Woolley Senior High School,All Students,High,2687,3612,74.4
2022,"102,985",Rainier Middle School,All Students,Middle,543,633,85.8
2022,"103,029",Touchet Elem & High School,All Students,High,461,622,74.1
2022,"100,741",Waterville High School,All Students,High,339,416,81.5
2022,"101,868",Centralia High School,All Students,High,2071,2872,72.1
2022,"102,700",Lewis & Clark High School,All Students,High,4895,5451,89.8
2022,"103,035",Preston Hall Middle School,All Students,Middle,128,205,62.4
2022,"100,521",Fort Vancouver High School,All Students,High,2427,4658,52.1
2022,"100,888",Montesano Jr-Sr High,All Students,High,1644,2001,82.2
2022,"101,062",Franklin High School,All Students,High,2804,3774,74.3
2022,"101,878",Sprague High School,All Students,High,74,101,73.3
2022,"100,780",Robert L Olds Junior High School,All Students,Middle,701,993,70.6
2022,"102,315",Eatonville High School,All Students,High,1233,1760,70.1
2022,"103,154",Endicott/St John Elem and Middle,All Students,Middle,208,268,77.6
2022,"101,993",South Bend High School,All Students,High,574,755,76.0
2022,"102,112",Lincoln High School,All Students,High,2336,4763,49.0
2022,"103,095",Lynden Middle School,All Students,Middle,1810,2054,88.1
2022,"101,071",Ballard High School,All Students,High,4725,5549,85.2
2022,"100,738",Mansfield Elem and High School,All Students,High,222,284,78.2
2022,"101,072",West Seattle High School,All Students,High,2660,3400,78.2
2022,"102,024",Pioneer Middle,All Students,Middle,2016,2274,88.7
2022,"103,267",Zillah High School,All Students,High,1052,1336,78.7
2022,"100,790",Pomeroy Jr Sr High School,All Students,High,248,446,55.6
2022,"101,949",Okanogan Middle School,All Students,Middle,612,793,77.2
2022,"101,950",Okanogan High School,All Students,High,636,913,69.7
2022,"103,249",Toppenish Middle School,All Students,Middle,2328,2692,86.5
2022,"100,703",Kelso High School,All Students,High,3270,4499,72.7
2022,"100,759",Mcloughlin Middle School,All Students,Middle,3259,3917,83.2
2022,"101,077",Highland Park Elementary School,All Students,High,739,936,79.0
2022,"101,743",South Kitsap High School,All Students,High,5275,7571,69.7
2022,"101,820",Napavine Jr Sr High School,All Students,High,973,1210,80.4
2022,"102,399",La Conner High School,All Students,High,401,633,63.3
2022,"100,687",Castle Rock High School,All Students,High,961,1298,74.0
2022,"100,913",Oakville High School,All Students,High,258,408,63.2
2022,"101,079",Roosevelt High School,All Students,High,4597,5344,86.0
2022,"102,250",Goodman Middle School,All Students,Middle,1368,1604,85.3
2022,"102,405",Mount Vernon High School,All Students,High,3909,5966,65.5
2022,"100,345",Charles Francis Adams High School,All Students,High,1220,2276,53.6
2022,"100,656",Dayton High School,All Students,High,219,340,64.4
2022,"100,860",Miller Junior High,All Students,Middle,1505,2062,73.0
2022,"101,080",Garfield High School,All Students,High,4030,5272,76.4
2022,"101,523",Kirkland Middle School,All Students,Middle,1535,1787,85.9
2022,"103,179",Washington Middle School,All Students,Middle,1795,2544,70.6
2022,"100,439",CASHMERE MIDDLE SCHOOL,All Students,Middle,1352,1530,88.4
2022,"100,434",Chelan Middle School,All Students,Middle,782,948,82.5
2022,"101,256",Highline High School,All Students,High,2078,3311,62.8
2022,"101,785",Cle Elum Roslyn High School,All Students,High,515,709,72.6
2022,"101,811",Columbia High School,All Students,High,733,1090,67.2
2022,"101,848",Onalaska High School,All Students,High,579,763,75.9
2022,"102,120",Hilltop Heritage Middle School,All Students,Middle,1107,1789,61.9
2022,"103,117",Mount Baker Senior High,All Students,High,1121,1618,69.3
2022,"103,208",East Valley High School,All Students,High,2024,2768,73.1
2022,"100,512",Forks High School,All Students,High,728,1050,69.3
2022,"101,989",Raymond Jr Sr High School,All Students,High,605,801,75.5
2022,"102,122",Stewart Middle School,All Students,Middle,1368,2044,66.9
2022,"102,366",Burlington Edison High School,All Students,High,1940,3220,60.2
2022,"102,439",North Middle School,All Students,Middle,1566,2135,73.3
2022,"100,393",River View High School,All Students,High,631,919,68.7
2022,"101,086",Hamilton International Middle School,All Students,Middle,2791,3010,92.7
2022,"102,123",Mason Middle School,All Students,Middle,1836,2270,80.9
2022,"102,124",Gray Middle School,All Students,Middle,1164,1677,69.4
2022,"103,036",Waitsburg High School,All Students,High,142,249,57.0
2022,"103,215",Selah High School,All Students,High,2452,3323,73.8
2022,"103,297",Mount Adams Middle School,All Students,Middle,268,424,63.2
2022,"100,650",Ridgefield High School,All Students,High,2147,2906,73.9
2022,"100,875",Hoquiam Middle School,All Students,Middle,779,1070,72.8
2022,"101,089",Cleveland High School STEM,All Students,High,2172,2736,79.4
2022,"101,414",Cascade Middle School,All Students,Middle,2004,2658,75.4
2022,"101,690",Bainbridge High School,All Students,High,3101,3979,77.9
2022,"101,961",Pateros High School,All Students,High,360,469,76.8
2022,"102,662",Stanwood Middle School,All Students,Middle,1170,1482,78.9
2022,"102,770",Mead Senior High School,All Students,High,3927,5198,75.5
2022,"102,872",Jenkins Junior/Senior High,All Students,Middle,659,925,71.2
2022,"103,181",Franklin Middle School,All Students,Middle,1880,2699,69.7
2022,"100,634",Battle Ground High School,All Students,High,3937,5152,76.4
2022,"100,667",R A Long High School,All Students,High,1730,2605,66.4
2022,"101,186",Federal Way High School,All Students,High,2753,4903,56.1
2022,"101,309",Vashon Island High School,All Students,High,1243,1556,79.9
2022,"102,015",Cusick Jr Sr High School,All Students,High,259,399,64.9
2022,"102,218",Clover Park High School,All Students,High,1920,3943,48.7
2022,"102,472",Lake Stevens Sr High School,All Students,High,4305,5962,72.2
2022,"102,623",Snohomish High School,All Students,High,3706,4769,77.7
2022,"103,163",Oakesdale High School,All Students,High,166,215,77.2
2022,"100,353",Asotin Jr Sr High,All Students,High,869,1042,83.4
2022,"101,091",Madison Middle School,All Students,Middle,2559,2929,87.4
2022,"101,835",Adna Middle/High School,All Students,Middle,885,1158,76.4
2022,"101,891",Odessa High School,All Students,High,310,369,84.0
2022,"102,812",Cheney Middle School,All Students,Middle,1361,1786,76.2
2022,"101,771",Morgan Middle School,All Students,Middle,1950,2280,85.5
2022,"103,110",Nooksack Valley High School,All Students,High,1041,1366,76.2
2022,"102,391",Anacortes High School,All Students,High,1889,2299,82.2
2022,"102,986",Rainier Senior High School,All Students,High,607,715,84.9
2022,"100,495",Sequim Senior High,All Students,High,1848,2472,74.8
2022,"100,850",Wilson Creek High,All Students,High,135,208,64.9
2022,"100,949",Quilcene High And Elementary,All Students,High,523,670,78.1
2022,"101,326",Renton Senior High School,All Students,High,2121,3597,59.0
2022,"101,703",Poulsbo Middle School,All Students,Middle,1925,2275,84.6
2022,"101,881",Reardan Middle-Senior High School,All Students,Middle,830,1072,77.4
2022,"102,709",Rogers High School,All Students,High,3225,4524,71.3
2022,"102,915",Yelm Middle School,All Students,Middle,1675,2150,77.9
2022,"103,078",Ferndale High School,All Students,High,2955,4184,70.6
2022,"103,134",Pullman High School,All Students,High,1910,2504,76.3
2022,"100,346",Lincoln Middle School,All Students,Middle,876,1177,74.4
2022,"100,962",Port Townsend High School,All Students,High,789,1087,72.6
2022,"100,399",Prosser High School,All Students,High,1947,2671,72.9
2022,"100,801",Quincy Middle School,All Students,Middle,1477,1925,76.7
2022,"100,940",South Whidbey Middle,All Students,Middle,500,629,79.5
2022,"101,350",Skykomish High School,All Students,High,32,39,82.1
2022,"101,766",Thorp Elem & Jr Sr High,All Students,High,447,645,69.3
2022,"102,010",Newport High School,All Students,High,616,1006,61.2
2022,"102,563",Arlington High School,All Students,High,3845,5041,76.3
2022,"103,263",Granger Middle School,All Students,Middle,1002,1415,70.8
2022,"103,299",White Swan High School,All Students,High,362,716,50.6
2022,"102,003",Willapa Valley Middle-High,All Students,Middle,509,574,88.7
2022,"102,877",Wellpinit High School,All Students,High,132,267,49.4
2022,"103,061",Bellingham High School,All Students,High,2540,3503,72.5
2022,"103,102",Meridian High School,All Students,High,1079,1430,75.5
2022,"103,231",Grandview High School,All Students,High,2084,3056,68.2
2022,"100,682",Toutle Lake High School,All Students,High,739,951,77.7
2022,"100,692",Kalama Middle School,All Students,Middle,654,781,83.7
2022,"101,397",Showalter Middle School,All Students,Middle,1432,1890,75.8
2022,"101,786",Walter Strom Middle School,All Students,Middle,474,660,71.8
2022,"102,046",Edgemont Jr High,All Students,High,1146,1499,76.5
2022,"102,655",Granite Falls High School,All Students,High,1190,1564,76.1
2022,"102,663",Stanwood High School,All Students,High,3011,3892,77.4
2022,"103,169",Naches Valley High School,All Students,High,920,1154,79.7
2022,"100,750",Inchelium High School,All Students,High,134,213,62.9
2022,"101,789",Wishram High And Elementary Schl,All Students,High,136,190,71.6
2022,"100,513",Forks Middle School,All Students,Middle,284,435,65.3
2022,"101,717",Central Kitsap High School,All Students,High,3318,4719,70.3
2022,"101,844",Toledo High School,All Students,High,551,710,77.6
2022,"100,426",Manson High School,All Students,High,439,602,72.9
2022,"100,932",Coupeville High School,All Students,High,647,863,75.0
2022,"102,347",Lopez Middle High School,All Students,Middle,251,369,68.0
2022,"102,916",Yelm High School 12,All Students,High,3576,4853,73.7
2022,"103,145",Palouse High School,All Students,High,130,164,79.3
2022,"101,328",Highlands Elementary School,All Students,High,1033,1420,72.7
2022,"100,718",Orondo Elementary and Middle School,All Students,Middle,385,497,77.5
2022,"100,635",Amboy Middle School,All Students,Middle,1244,1653,75.3
2022,"100,826",Frontier Middle School,All Students,Middle,1623,2280,71.2
2022,"101,971",Tonasket High School,All Students,High,692,988,70.0
2022,"102,251",Peninsula High School,All Students,High,3592,4392,81.8
2022,"103,112",Nooksack Valley Middle School,All Students,Middle,1015,1236,82.1
2022,"101,357",Bellevue High School,All Students,High,3861,4685,82.4
2022,"101,416",West Auburn Senior High School,All Students,High,227,686,33.1
2022,"101,976",Oroville Middle-High School,All Students,Middle,543,779,69.7
2022,"102,392",Anacortes Middle School,All Students,Middle,1640,1874,87.5
2022,"103,257",Highland Junior High School,All Students,Middle,510,582,87.6
2022,"100,411",Carmichael Middle School,All Students,Middle,2058,2709,76.0
2022,"100,592",Evergreen High School,All Students,High,2438,4777,51.0
2022,"100,727",Eastmont Senior High,All Students,High,3082,4320,71.3
2022,"100,880",North Beach Senior High School,All Students,High,363,607,59.8
2022,"101,101",Eckstein Middle School,All Students,Middle,2874,3211,89.5
2022,"101,524",Lake Washington High School,All Students,High,4347,5424,80.1
2022,"102,343",Orcas Island High School,All Students,High,279,389,71.7
2022,"101,780",Kittitas High School,All Students,High,875,1128,77.6
2022,"102,332",Fife High School,All Students,High,2133,2614,81.6
2022,"102,786",North Pines Middle School,All Students,Middle,1083,1550,69.9
2022,"103,017",Pioneer Middle School,All Students,Middle,1384,1806,76.6
2022,"100,412",Chief Joseph Middle School,All Students,Middle,1608,2222,72.4
2022,"100,721",Bridgeport High School,All Students,High,556,687,80.9
2022,"101,417",Auburn Senior High School,All Students,High,3268,5279,61.9
2022,"101,574",Kent-Meridian High School,All Students,High,3580,6039,59.3
2022,"101,859",W F West High School,All Students,High,2176,2935,74.1
2022,"101,956",Brewster High School,All Students,High,677,816,83.0
2022,"100,855",Lake Roosevelt Jr/Sr High School,All Students,High,590,1039,56.8
2022,"102,293",Bethel High School,All Students,High,3541,5317,66.6
2022,"102,361",Concrete High School,All Students,High,411,644,63.8
2022,"102,580",Totem Middle School,All Students,Middle,1050,1684,62.4
2022,"100,363",Kennewick High School,All Students,High,3967,5041,78.7
2022,"100,670",Monticello Middle School,All Students,Middle,1215,1702,71.4
2022,"101,107",David T. Denny International Middle School,All Students,Middle,2011,2592,77.6
2022,"101,398",Foster Senior High School,All Students,High,1822,2663,68.4
2022,"101,435",Tahoma Senior High School,All Students,High,6653,8176,81.4
2022,"101,450",Mount Si High School,All Students,High,4960,5930,83.6
2022,"101,808",Goldendale High School,All Students,High,638,912,70.0
2022,"101,865",White Pass Jr. Sr. High School,All Students,High,464,578,80.3
2022,"101,889",Creston Jr-Sr High School,All Students,High,111,152,73.0
2022,"101,924",Pioneer Middle School,All Students,Middle,522,725,72.0
2022,"102,271",Franklin Pierce High School,All Students,High,2517,3430,73.4
2022,"102,352",Friday Harbor High School,All Students,High,599,769,77.9
2022,"102,760",Medical Lake High School,All Students,High,1231,1541,79.9
2022,"103,003",Julius A Wendt Elementary/John C Thomas Middle School,All Students,Middle,775,946,81.9
2022,"103,148",Garfield Middle School,All Students,Middle,80,95,84.2
2022,"103,171",Naches Valley Middle School,All Students,Middle,836,1186,70.5
2022,"103,252",Toppenish High School,All Students,High,2324,2787,83.4
2022,"100,337",Lind-Ritzville High School,All Students,High,95,150,63.3
2022,"100,389",Kiona-Benton City High School,All Students,High,695,948,73.3
2022,"100,401",Housel Middle School,All Students,Middle,1467,1884,77.9
2022,"100,480",Port Angeles High School,All Students,High,2209,3111,71.0
2022,"100,709",Huntington Middle School,All Students,Middle,1308,1712,76.4
2022,"100,762",Pasco Senior High School,All Students,High,5644,7107,79.4
2022,"100,841",Ephrata High School,All Students,High,1840,2489,73.9
2022,"101,271",Sylvester Middle School,All Students,Middle,1529,2003,76.3
2022,"102,206",Orting High School,All Students,High,1640,2497,65.7
2022,"102,907",Northport High School,All Students,High,105,152,69.1
2022,"103,240",Sunnyside High School,All Students,High,4484,6333,70.8
2022,"100,814",Almira Coulee Hartline High School,All Students,High,214,267,80.1
2022,"100,921",Oak Harbor High School,All Students,High,3414,4695,72.7
2022,"101,774",Ellensburg High School,All Students,High,2155,2831,76.1
2022,"103,121",Mount Baker Junior High,All Students,Middle,638,861,74.1
2022,"102,925",North Thurston High School,All Students,High,3281,4349,75.4
2022,"102,353",Friday Harbor Middle School,All Students,Middle,368,511,72.0
2022,"103,031",Columbia Middle School,All Students,Middle,445,555,80.2
2022,"100,333",Othello High School,All Students,High,2812,3584,78.5
2022,"100,832",Columbia Middle School,All Students,Middle,2110,2858,73.8
2022,"100,910",Ocosta Junior - Senior High,All Students,Middle,675,843,80.1
2022,"101,243",Mercer Island High School,All Students,High,4048,4662,86.8
2022,"101,333",McKnight Middle School,All Students,Middle,2194,2711,80.9
2022,"101,461",Issaquah Middle School,All Students,Middle,2446,2841,86.1
2022,"101,748",Marcus Whitman Middle School,All Students,Middle,1466,2047,71.6
2022,"102,048",Kalles Junior High,All Students,Middle,2025,2655,76.3
2022,"102,141",Baker Middle School,All Students,Middle,1529,2274,67.2
2022,"102,790",Central Valley High School,All Students,High,4295,6074,70.7
2022,"102,994",Rochester Middle School,All Students,Middle,1137,1552,73.3
2022,"103,160",St John/Endicott High,All Students,High,118,220,53.6
2022,"103,234",Grandview Middle School,All Students,Middle,2280,2673,85.3
2022,"103,289",West Valley High School,All Students,High,3267,4264,76.6
2022,"100,326",Washtucna Elementary/High School,All Students,High,159,197,80.7
2022,"100,538",Hudson's Bay High School,All Students,High,1872,3494,53.6
2022,"100,804",Quincy High School,All Students,High,1708,2504,68.2
2022,"100,818",Soap Lake Middle & High School,All Students,Middle,597,881,67.8
2022,"101,117",Mercer International Middle School,All Students,Middle,2851,3288,86.7
2022,"101,118",Chief Sealth International High School,All Students,High,2192,3377,64.9
2022,"101,281",Chinook Middle School,All Students,Middle,1497,2007,74.6
2022,"101,282",Evergreen High School,All Students,High,1797,3109,57.8
2022,"101,629",Bothell High School,All Students,High,4004,4865,82.3
2022,"101,674",Bremerton High School,All Students,High,2344,3608,65.0
2022,"101,816",Lyle High School,All Students,High,134,237,56.5
2022,"101,832",Morton Junior-Senior High,All Students,Middle,398,542,73.4
2022,"101,898",Harrington High School,All Students,High,88,135,65.2
2022,"102,426",Stevenson High School,All Students,High,559,809,69.1
2022,"102,489",Olympic View Middle School,All Students,Middle,2531,2955,85.7
2022,"102,523",Edmonds Woodway High School,All Students,High,3556,4705,75.6
2022,"102,565",Post Middle School,All Students,Middle,1474,1972,74.7
2022,"101,706",Middle School Options (Closed after 2019-2020 school year),All Students,Middle,24,30,80.0
2022,"102,969",Olympia High School,All Students,High,4667,5575,83.7
2022,"102,970",Jefferson Middle School,All Students,Middle,1252,1385,90.4
2022,"103,090",Blaine High School,All Students,High,1423,1896,75.1
2022,"103,128",Lamont Middle School,All Students,Middle,82,113,72.6
2022,"103,280",Wapato High School,All Students,High,1584,2589,61.2
2022,"100,505",Neah Bay Junior/ Senior High School,All Students,Middle,375,563,66.6
2022,"100,539",Mcloughlin Middle School,All Students,Middle,2048,3043,67.3
2022,"100,581",Washougal High School,All Students,High,2262,3150,71.8
2022,"100,673",Mark Morris High School,All Students,High,1879,2785,67.5
2022,"101,283",Cascade Middle School,All Students,Middle,1425,2064,69.0
2022,"101,362",Highland Middle School,All Students,Middle,1316,1594,82.6
2022,"101,419",Olympic Middle School,All Students,Middle,1899,2790,68.1
2022,"101,902",Davenport Senior High School,All Students,High,638,941,67.8
2022,"101,930",Hawkins Middle School,All Students,Middle,1074,1488,72.2
2022,"101,931",North Mason Senior High School,All Students,High,2120,2210,95.9
2022,"102,175",Curtis Junior High,All Students,Middle,2374,2763,85.9
2022,"102,382",Cascade Middle School,All Students,Middle,1539,2105,73.1
2022,"102,651",Darrington High School,All Students,High,308,399,77.2
2022,"102,720",Shadle Park High School,All Students,High,2814,3574,78.7
2022,"102,772",Mountainside Middle School,All Students,Middle,1968,2367,83.1
2022,"102,807",Freeman High School,All Students,High,769,910,84.5
2022,"102,851",West Valley High School,All Students,High,1934,2729,70.9
2022,"102,910",Kettle Falls Middle School,All Students,Middle,635,732,86.7
2022,"103,065",Shuksan Middle School,All Students,Middle,1444,1933,74.7
2022,"103,194",Eisenhower High School,All Students,High,3518,6145,57.2
2022,"100,466",Pioneer Middle School,All Students,Middle,1441,1891,76.2
2022,"100,788",Kahlotus Elem & High,All Students,High,102,133,76.7
2022,"100,835",Moses Lake High School,All Students,High,4305,6860,62.8
2022,"101,245",Islander Middle School,All Students,Middle,3055,3264,93.6
2022,"101,499",Highland Terrace Elementary,All Students,High,1171,1292,90.6
2022,"101,528",Redmond Middle School,All Students,Middle,2668,3057,87.3
2022,"101,578",Meridian Middle School,All Students,Middle,1377,1735,79.4
2022,"101,707",North Kitsap High School,All Students,High,2617,3353,78.0
2022,"101,722",Central Kitsap Middle School,All Students,Middle,1831,2349,77.9
2022,"101,828",Mossyrock Jr./Sr. High School,All Students,High,576,730,78.9
2022,"101,875",Centralia Middle School,All Students,Middle,1159,1621,71.5
2022,"101,913",Shelton High School,All Students,High,2112,3935,53.7
2022,"102,144",Meeker Middle School,All Students,Middle,1559,2043,76.3
2022,"102,146",Dr. Dolores Silas High School,All Students,High,2490,3755,66.3
2022,"102,185",Sumner High School,All Students,High,3726,5184,71.9
2022,"102,226",Hudtloff Middle School,All Students,Middle,1577,2170,72.7
2022,"102,295",Bethel Middle School,All Students,Middle,1609,2264,71.1
2022,"102,449",Evergreen Middle School,All Students,Middle,2326,3099,75.1
2022,"102,722",Shaw Middle School,All Students,Middle,1245,1753,71.0
2022,"102,723",Glover Middle School,All Students,Middle,1160,1677,69.2
2022,"102,793",Bowdish Middle School,All Students,Middle,1238,1441,85.9
2022,"102,858",Deer Park Middle School,All Students,Middle,1077,1464,73.6
2022,"100,349",Highland Elementary,All Students,High,594,820,72.4
2022,"100,366",Highlands Middle School,All Students,Middle,1988,2536,78.4
2022,"100,441",CASHMERE HIGH SCHOOL,All Students,High,1279,1471,86.9
2022,"100,783",Connell High School,All Students,High,1572,1896,82.9
2022,"100,809",Warden High School,All Students,High,564,803,70.2
2022,"100,954",Chimacum Junior/Senior High School,All Students,Middle,583,858,67.9
2022,"101,123",Ingraham High School,All Students,High,3406,4359,78.1
2022,"101,124",Whitman Middle School,All Students,Middle,1625,1892,85.9
2022,"101,291",Mount Rainier High School,All Students,High,3348,5099,65.7
2022,"101,334",Dimmitt Middle School,All Students,Middle,1471,2006,73.3
2022,"101,367",Sammamish Senior High,All Students,High,2999,3816,78.6
2022,"101,368",Tyee Middle School,All Students,Middle,2973,3103,95.8
2022,"101,999",Naselle-Grays River Valley Jr Sr High Schools,All Students,High,355,544,65.3
2022,"102,228",Mann Middle School (Closed after 2019-2020 school year),All Students,Middle,345,419,82.3
2022,"102,275",Morris Ford Middle School,All Students,Middle,2359,3053,77.3
2022,"102,528",Mountlake Terrace High School,All Students,High,3173,4074,77.9
2022,"102,885",Colville Senior High School,All Students,High,1094,1552,70.5
2022,"102,903",Mary Walker High School,All Students,High,295,457,64.6
2022,"103,241",Harrison Middle School,All Students,Middle,2173,2801,77.6
2022,"103,264",Granger High School,All Students,High,898,1339,67.1
2022,"100,564",Hockinson Middle School,All Students,Middle,1183,1437,82.3
2022,"100,431",Entiat Middle and High School,All Students,Middle,366,476,76.9
2022,"100,484",Stevens Middle School,All Students,Middle,1285,1628,78.9
2022,"100,597",Covington Middle School,All Students,Middle,2206,3155,69.9
2022,"100,712",Coweeman Middle School,All Students,Middle,1290,1685,76.6
2022,"100,765",Stevens Middle School,All Students,Middle,1840,2484,74.1
2022,"101,125",Rainier Beach High School,All Students,High,1522,2342,65.0
2022,"101,231",Enumclaw Sr High School,All Students,High,2780,3864,71.9
2022,"101,292",Pacific Middle School,All Students,Middle,1465,2031,72.1
2022,"101,371",Chinook Middle School,All Students,Middle,2446,2707,90.4
2022,"101,437",Summit Trail Middle School,All Students,Middle,2907,3297,88.2
2022,"101,501",Shorecrest High School,All Students,High,3350,4525,74.0
2022,"101,635",Kenmore Middle School,All Students,Middle,1870,2224,84.1
2022,"102,530",Meadowdale Middle School,All Students,Middle,1839,2248,81.8
2022,"102,584",Marysville Middle School,All Students,Middle,1657,2468,67.1
2022,"102,724",Sacajawea Middle School,All Students,Middle,2097,2480,84.6
2022,"102,829",East Valley High School,All Students,High,2204,3158,69.8
2022,"102,928",Chinook Middle School,All Students,Middle,1904,2380,80.0
2022,"102,950",Tumwater High School,All Students,High,2798,3533,79.2
2022,"103,142",Colfax High School,All Students,High,663,801,82.8
2022,"103,197",Wilson Middle School,All Students,Middle,1979,2679,73.9
2022,"100,468",Orchard Middle School,All Students,Middle,1114,1412,78.9
2022,"100,570",La Center Middle School,All Students,Middle,977,1222,80.0
2022,"100,732",Eastmont Junior High,All Students,Middle,2143,2939,72.9
2022,"100,844",Ephrata Middle School,All Students,Middle,1063,1366,77.8
2022,"100,907",Wishkah Valley Elementary/High School,All Students,High,330,461,71.6
2022,"101,192",Lakota Middle School,All Students,Middle,1689,2360,71.6
2022,"101,463",Issaquah High School,All Students,High,6364,7378,86.3
2022,"101,502",Kellogg Middle School,All Students,Middle,1938,2296,84.4
2022,"101,792",Bickleton Elementary & High Schl,All Students,High,328,357,91.9
2022,"101,809",Goldendale Middle School,All Students,Middle,557,864,64.5
2022,"101,813",Wayne M Henkle Middle School,All Students,Middle,438,570,76.8
2022,"102,148",Mount Tahoma High School,All Students,High,2173,4175,52.0
2022,"102,277",Perry G Keithley Middle School,All Students,Middle,2123,2657,79.9
2022,"102,450",Cascade High School,All Students,High,3749,5345,70.1
2022,"102,475",Lake Stevens Middle School,All Students,Middle,1612,2039,79.1
2022,"102,727",Ferris High School,All Students,High,4128,5107,80.8
2022,"102,728",Salk Middle School,All Students,Middle,1744,2216,78.7
2022,"102,795",University High School,All Students,High,3482,4863,71.6
2022,"102,837",Liberty High School,All Students,High,386,505,76.4
2022,"103,131",Tekoa High School,All Students,High,225,280,80.4
2022,"103,138",Lincoln Middle School,All Students,Middle,1697,1972,86.1
2022,"100,506",Clallam Bay High & Elementary,All Students,High,286,370,77.3
2022,"100,540",Columbia River High,All Students,High,2526,3471,72.8
2022,"101,193",Evergreen Middle School,All Students,Middle,1610,2176,74.0
2022,"101,337",Nelsen Middle School,All Students,Middle,2260,2963,76.3
2022,"101,375",Tillicum Middle School,All Students,Middle,2127,2299,92.5
2022,"102,051",Aylen Jr High,All Students,High,1600,2269,70.5
2022,"102,149",Truman Middle School,All Students,Middle,1555,2092,74.3
2022,"102,235",Lakes High School,All Students,High,3366,3901,86.3
2022,"102,324",Glacier Middle School,All Students,Middle,2120,2720,77.9
2022,"102,536",Meadowdale High School,All Students,High,3458,4535,76.3
2022,"102,864",Riverside Middle School,All Students,Middle,766,953,80.4
2022,"103,004",Wahkiakum High School,All Students,High,424,532,79.7
2022,"103,019",Walla Walla High School,All Students,High,3745,5031,74.4
2022,"100,334",McFarland Middle School,All Students,Middle,1767,2168,81.5
2022,"100,369",Park Middle School,All Students,Middle,1730,2145,80.7
2022,"100,675",Cascade Middle School,All Students,Middle,1209,1634,74.0
2022,"100,868",J M Weatherwax High School,All Students,High,1930,2772,69.6
2022,"101,131",Nathan Hale High School,All Students,High,2633,3472,75.8
2022,"101,297",Tyee High School,All Students,High,1524,2540,60.0
2022,"101,379",Newport Senior High School,All Students,High,4848,5341,90.8
2022,"101,640",Canyon Park Middle School,All Students,Middle,2481,2830,87.7
2022,"101,803",Klickitat Elem & High,All Students,High,197,252,78.2
2022,"102,188",Sumner Middle School,All Students,Middle,1752,2182,80.3
2022,"102,237",Thomas Middle School,All Students,Middle,1439,2026,71.0
2022,"102,897",Columbia High And Elementary,All Students,High,224,354,63.3
2022,"102,999",Tenino High School,All Students,High,812,1173,69.2
2022,"103,020",Garrison Middle School,All Students,Middle,1433,1822,78.6
2022,"100,415",Richland High School,All Students,High,4822,5998,80.4
2022,"100,821",Royal High School,All Students,High,1051,1562,67.3
2022,"101,134",McClure Middle School,All Students,Middle,1323,1528,86.6
2022,"101,408",Cedarcrest High School,All Students,High,2479,2862,86.6
2022,"101,531",Redmond High School,All Students,High,4995,6313,79.1
2022,"102,853",Centennial Middle School,All Students,Middle,1256,1883,66.7
2022,"103,026",John Sager Middle School,All Students,Middle,754,1122,67.2
2022,"100,543",Jason Lee Middle School,All Students,Middle,1450,1993,72.8
2022,"100,639",Laurin Middle School,All Students,Middle,1857,2108,88.1
2022,"100,698",Woodland High School,All Students,High,1736,2114,82.1
2022,"103,951",Raisbeck Aviation High School,All Students,High,1060,1209,87.7
2022,"103,961",Republic Junior High,All Students,Middle,116,172,67.4
2022,"102,543",Alderwood Middle School,All Students,Middle,1991,2368,84.1
2022,"100,449",Cascade High School,All Students,High,973,1254,77.6
2022,"102,797",Greenacres Middle School,All Students,Middle,1493,1828,81.7
2022,"103,040",Prescott High School,All Students,High,213,303,70.3
2022,"103,069",Sehome High School,All Students,High,2735,3500,78.1
2022,"100,756",Republic Senior High School,All Students,High,145,264,54.9
2022,"100,897",Taholah High School,All Students,High,85,203,41.9
2022,"101,201",Thomas Jefferson High School,All Students,High,3413,5190,65.8
2022,"101,383",Interlake Senior High School,All Students,High,4283,5056,84.7
2022,"101,535",Finn Hill Middle School,All Students,Middle,1655,2019,82.0
2022,"101,839",Winlock Senior High,All Students,High,454,563,80.6
2022,"102,177",Curtis Senior High,All Students,High,3433,4176,82.2
2022,"102,239",Lochburn Middle School,All Students,Middle,1233,1845,66.8
2022,"102,817",Cheney High School,All Students,High,2821,4080,69.1
2022,"102,930",Nisqually Middle School,All Students,Middle,2045,2663,76.8
2022,"102,951",Tumwater Middle School,All Students,Middle,1705,1987,85.8
2022,"103,199",Lewis & Clark Middle School,All Students,Middle,1754,2600,67.5
2022,"100,822",Royal Middle School,All Students,Middle,648,846,76.6
2022,"100,878",Hoquiam High School,All Students,High,985,1359,72.5
2022,"101,203",Sacajawea Middle School,All Students,Middle,1700,2248,75.6
2022,"101,342",Hazen Senior High School,All Students,High,3825,5274,72.5
2022,"101,384",Odle Middle School,All Students,Middle,2822,3035,93.0
2022,"101,467",Maywood Middle School,All Students,Middle,2964,3241,91.5
2022,"101,586",Kentridge High School,All Students,High,4849,6126,79.2
2022,"101,817",Lyle Middle School,All Students,Middle,91,139,65.5
2022,"102,055",Gov John Rogers High School,All Students,High,3644,5223,69.8
2022,"102,279",Washington High School,All Students,High,2122,2936,72.3
2022,"102,549",Brier Terrace Middle School,All Students,Middle,1741,2042,85.3
2022,"101,312",McMurray Middle School,All Students,Middle,942,1129,83.4
2022,"101,505",Albert Einstein Middle School,All Students,Middle,2118,2445,86.6
2022,"101,752",Cedar Heights Middle School,All Students,Middle,1554,2077,74.8
2022,"102,493",Mariner High School,All Students,High,5141,7015,73.3
2022,"102,972",Reeves Middle School,All Students,Middle,1107,1196,92.6
2022,"101,208",Kilo Middle School,All Students,Middle,1435,1923,74.6
2022,"101,541",Rose Hill Middle School,All Students,Middle,2549,2940,86.7
2022,"102,933",Timberline High School,All Students,High,3292,4352,75.6
2022,"102,974",Washington Middle School,All Students,Middle,2245,2372,94.6
2022,"100,370",Kamiakin High School,All Students,High,4760,5422,87.8
2022,"101,346",Lindbergh Senior High School,All Students,High,2658,3691,72.0
2022,"102,056",Ballou Jr High,All Students,High,2004,2713,73.9
2022,"102,297",Spanaway Middle School,All Students,Middle,1570,2274,69.0
2022,"102,453",Eisenhower Middle School,All Students,Middle,2304,2825,81.6
2022,"102,553",College Place Middle School,All Students,Middle,1114,1381,80.7
2022,"102,554",Lynnwood High School,All Students,High,3236,4223,76.6
2022,"102,737",Garry Middle School,All Students,Middle,1313,1881,69.8
2022,"103,084",Vista Middle School,All Students,Middle,1440,1722,83.6
2022,"101,592",Meeker Middle School,All Students,Middle,1609,2022,79.6
2022,"101,210",Decatur High School,All Students,High,2400,4146,57.9
2022,"101,544",Juanita High School,All Students,High,3763,4618,81.5
2022,"101,143",Aki Kurose Middle School,All Students,Middle,1640,2074,79.1
2022,"101,144",Alan T. Sugiyama High School,All Students,High,30,146,20.5
2022,"100,600",Cascade Middle School,All Students,Middle,1974,2871,68.8
2022,"100,884",North Beach Junior High School,All Students,Middle,235,381,61.7
2022,"101,643",Leota Middle School,All Students,Middle,2368,2659,89.1
2022,"101,724",Fairview Middle School,All Students,Middle,1365,2057,66.4
2022,"103,000",Tenino Middle School,All Students,Middle,694,919,75.5
2022,"103,091",Blaine Middle School,All Students,Middle,1196,1509,79.3
2022,"102,335",Surprise Lake Middle School,All Students,Middle,1472,1800,81.8
2022,"102,427",Wind River Middle School,All Students,Middle,347,482,72.0
2022,"102,411",La Venture Middle School,All Students,Middle,1733,2247,77.1
2022,"102,886",Colville Junior High School,All Students,Middle,771,1213,63.6
2022,"100,417",Hanford High School,All Students,High,5028,6137,81.9
2022,"102,777",Northwood Middle School,All Students,Middle,2648,3150,84.1
2022,"102,556",Scriber Lake High School,All Students,High,261,716,36.5
2022,"101,546",Emerson High School,All Students,High,57,151,37.7
2022,"100,869",Harbor Junior/Senior High School,All Students,Middle,37,332,11.1
2022,"101,147",Nova High School,All Students,High,750,761,98.6
2022,"101,472",Pine Lake Middle School,All Students,Middle,2627,2786,94.3
2022,"102,158",Foss High School,All Students,High,1024,1942,52.7
2022,"102,799",Evergreen Middle School,All Students,Middle,1820,2108,86.3
2022,"100,653",View Ridge Middle School,All Students,Middle,1225,1636,74.9
2022,"102,639",Lakewood Middle School,All Students,Middle,1283,1845,69.5
2022,"102,904",Springdale Middle School,All Students,Middle,205,331,61.9
2022,"101,212",Illahee Middle School,All Students,Middle,1781,2435,73.1
2022,"102,401",La Conner Middle,All Students,Middle,324,446,72.6
2022,"100,549",Gaiser Middle School,All Students,Middle,1745,2616,66.7
2022,"100,810",Warden Middle School,All Students,Middle,559,720,77.6
2022,"100,769",New Horizons High School,All Students,High,520,951,54.7
2022,"102,800",Mica Peak High School,All Students,High,282,437,64.5
2022,"101,507",Shorewood High School,All Students,High,3454,4711,73.3
2022,"101,548",Kamiakin Middle School,All Students,Middle,1413,1854,76.2
2022,"100,419",Enterprise Middle School,All Students,Middle,1628,2146,75.9
2022,"103,104",Meridian Middle School,All Students,Middle,873,1065,82.0
2022,"100,550",Lewis and Clark High School,All Students,High,158,274,57.7
2022,"101,439",Maple View Middle School,All Students,Middle,2606,3058,85.2
2022,"100,928",North Whidbey Middle School,All Students,Middle,1902,2403,79.2
2022,"102,976",Capital High School,All Students,High,3254,4131,78.8
2022,"100,390",Kiona-Benton City Middle School,All Students,Middle,666,803,82.9
2022,"101,473",Liberty Sr High School,All Students,High,3760,4383,85.8
2022,"102,765",Medical Lake Middle School,All Students,Middle,1062,1237,85.9
2022,"102,012",Sadie Halstead Middle School,All Students,Middle,754,995,75.8
2022,"100,690",Castle Rock Middle School,All Students,Middle,745,1028,72.5
2022,"102,060",E B Walker High School,All Students,High,65,341,19.1
2022,"101,846",Toledo Middle School,All Students,Middle,504,565,89.2
2022,"102,629",High School Re Entry,All Students,High,28,54,51.9
2022,"100,642",Pleasant Valley Middle,All Students,Middle,1213,1430,84.8
2022,"100,486",Lincoln High School,All Students,High,165,252,65.5
2022,"100,934",Coupeville Middle School,All Students,Middle,531,651,81.6
2022,"100,658",Dayton Middle School,All Students,Middle,197,269,73.2
2022,"101,648",Northshore Middle School,All Students,Middle,2392,2756,86.8
2022,"103,281",Pace Alternative High School,All Students,High,49,244,20.1
2022,"100,373",Desert Hills Middle School,All Students,Middle,2443,2721,89.8
2022,"100,395",Finley Middle School,All Students,Middle,478,642,74.5
2022,"100,607",Legacy High School,All Students,High,504,974,51.7
2022,"103,033",Columbia High School,All Students,High,473,680,69.6
2022,"100,608",Wyeast Middle School,All Students,Middle,1792,2571,69.7
2022,"103,211",East Valley Central Middle School,All Students,Middle,1873,2447,76.5
2022,"101,167",Washington Middle School,All Students,Middle,1596,1839,86.8
2022,"103,022",Lincoln High School,All Students,High,369,497,74.2
2022,"102,260",Gig Harbor High,All Students,High,3848,4427,86.9
2022,"101,729",Olympic High School,All Students,High,2314,3547,65.2
2022,"100,643",Prairie High School,All Students,High,3401,4543,74.9
2022,"102,160",Oakland High School,All Students,High,48,516,9.3
2022,"102,657",Granite Falls Middle School,All Students,Middle,1110,1398,79.4
2022,"102,859",Deer Park High School,All Students,High,1678,2087,80.4
2022,"101,597",Mattson Middle School,All Students,Middle,1572,1914,82.1
2022,"101,598",Kentwood High School,All Students,High,3949,5657,69.8
2022,"102,028",Steilacoom High,All Students,High,2454,3057,80.3
2022,"102,191",Lakeridge Middle School,All Students,Middle,1806,2289,78.9
2022,"102,459",Sequoia High School,All Students,High,252,587,42.9
2022,"102,477",North Lake Middle School,All Students,Middle,2007,2380,84.3
2022,"101,757",John Sedgwick Middle School,All Students,Middle,1670,2217,75.3
2022,"102,630",Valley View Middle School,All Students,Middle,1793,2028,88.4
2022,"101,556",Evergreen Middle School,All Students,Middle,2362,2641,89.4
2022,"100,942",South Whidbey High School,All Students,High,943,1280,73.7
2022,"102,261",Key Peninsula Middle School,All Students,Middle,1106,1404,78.8
2022,"102,302",Spanaway Lake High School,All Students,High,2974,4633,64.2
2022,"100,609",Mountain View High School,All Students,High,3192,5232,61.0
2022,"101,557",Northstar Middle School,All Students,Middle,239,260,91.9
2022,"102,064",Ferrucci Jr High,All Students,High,1631,2290,71.2
2022,"102,804",Horizon Middle School,All Students,Middle,1311,1552,84.5
2022,"102,304",Cedarcrest Middle School,All Students,Middle,1728,2284,75.7
2022,"101,973",Tonasket Middle School,All Students,Middle,587,803,73.1
2022,"103,097",Lynden High School,All Students,High,2427,2827,85.9
2022,"102,640",Lakewood High School,All Students,High,1628,2444,66.6
2022,"102,911",Kettle Falls High School,All Students,High,580,720,80.6
2022,"100,583",Jemtegaard Middle School,All Students,Middle,1098,1516,72.4
2022,"100,612",Pacific Middle School,All Students,Middle,2241,2926,76.6
2022,"101,236",Enumclaw Middle School,All Students,Middle,1205,1478,81.5
2022,"100,722",Bridgeport Middle School,All Students,Middle,,,
2022,"100,752",Inchelium Middle School,All Students,Middle,117,163,71.8
2022,"102,263",Kopachuck Middle School,All Students,Middle,1312,1492,87.9
2022,"101,983",Ilwaco High School,All Students,High,525,902,58.2
2022,"101,958",Brewster Middle School,All Students,Middle,540,623,86.7
2022,"102,838",Liberty Jr High & Elementary,All Students,High,900,1078,83.5
2022,"102,866",Riverside High School,All Students,High,1218,1376,88.5
2022,"102,318",Eatonville Middle School,All Students,Middle,902,1236,73.0
2022,"102,497",Explorer Middle School,All Students,Middle,2306,2773,83.2
2022,"102,878",Wellpinit Middle School,All Students,Middle,148,245,60.4
2022,"101,945",Omak Middle School,All Students,Middle,830,1130,73.5
2022,"100,895",Elma Middle School,All Students,Middle,851,1101,77.3
2022,"102,498",ACES High School,All Students,High,112,512,21.9
2022,"101,732",Ridgetop Middle School,All Students,Middle,1794,2238,80.2
2022,"100,796",Wahluke High School,All Students,High,1449,2043,70.9
2022,"100,437",Chelan High School,All Students,High,1164,1343,86.7
2022,"100,955",Chimacum Middle School (Closed after 2018-2019 school year),All Students,Middle,120,150,80.0
2022,"102,207",Orting Middle School,All Students,Middle,1609,1993,80.7
2022,"102,633",AIM High School,All Students,High,213,495,43.0
2022,"102,648",Sultan Senior High School,All Students,High,961,1624,59.2
2022,"101,947",Highlands High School,All Students,High,18,57,31.6
2022,"102,567",Weston High School,All Students,High,219,441,49.7
2022,"101,918",Choice Middle and High School,All Students,Middle,514,773,66.5
2022,"100,422",Rivers Edge High School,All Students,High,545,805,67.7
2022,"101,861",Chehalis Middle School,All Students,Middle,1427,1939,73.6
2022,"102,939",South Sound High School (Closed after 2019-2020 school year),All Students,High,81,202,40.1
2022,"101,409",Tolt Middle School,All Students,Middle,1969,2211,89.1
2022,"102,996",Rochester High School,All Students,High,1381,1895,72.9
2022,"102,756",Lakeside High School,All Students,High,1285,1491,86.2
2022,"102,463",Heatherwood Middle School,All Students,Middle,2593,3051,85.0
2022,"101,850",Onalaska Middle School,All Students,Middle,484,597,81.1
2022,"101,710",Kingston Middle School,All Students,Middle,1172,1548,75.7
2022,"101,919",Oakland Bay Junior High School,All Students,Middle,1329,1972,67.4
2022,"101,840",Winlock Middle School,All Students,Middle,414,529,78.3
2022,"101,656",Skyview Middle School,All Students,Middle,2886,3262,88.5
2022,"101,429",Rainier Middle School,All Students,Middle,2303,3008,76.6
2022,"101,562",Inglewood Middle School,All Students,Middle,3415,3772,90.5
2022,"102,265",Harbor Ridge Middle School,All Students,Middle,1576,1825,86.4
2022,"102,636",Centennial Middle School,All Students,Middle,1974,2403,82.1
2022,"101,452",Chief Kanim Middle School,All Students,Middle,1720,1980,86.9
2022,"100,450",Icicle River Middle School,All Students,Middle,727,879,82.7
2022,"100,558",Alki Middle School,All Students,Middle,1672,2008,83.3
2022,"102,310",Frontier Middle School,All Students,Middle,1763,2319,76.0
2022,"102,942",Komachin Middle School,All Students,Middle,1699,2196,77.4
2022,"102,202",North Tapps Middle School,All Students,Middle,1358,1595,85.1
2022,"102,504",Voyager Middle School,All Students,Middle,2237,2642,84.7
2022,"102,943",River Ridge High School,All Students,High,3023,4332,69.8
2022,"100,382",Horse Heaven Hills Middle School,All Students,Middle,2208,2593,85.2
2022,"102,505",Harbour Pointe Middle School,All Students,Middle,2251,2540,88.6
2022,"100,572",La Center High School,All Students,High,1224,1596,76.7
2022,"100,470",Foothills Middle School,All Students,Middle,1403,1793,78.2
2022,"102,506",Kamiak High School,All Students,High,5353,6290,85.1
2022,"102,465",Gateway Middle School,All Students,Middle,2596,2823,92.0
2022,"102,466",Henry M. Jackson High School,All Students,High,5327,6708,79.4
2022,"101,565",Eastlake High School,All Students,High,5530,6497,85.1
2022,"101,610",Cedar Heights Middle School,All Students,Middle,1504,1954,77.0
2022,"101,683",Mountain View Middle School,All Students,Middle,1783,2609,68.3
2022,"103,072",Kulshan Middle School,All Students,Middle,1403,1828,76.8
2022,"102,069",Doris Stahl Junior High,All Students,Middle,1852,2567,72.1
2022,"100,648",Summit View High School,All Students,High,1047,1151,91.0
2022,"102,957",George Bush Middle School,All Students,Middle,1905,2269,84.0
2022,"102,747",Chase Middle School,All Students,Middle,1708,2238,76.3
2022,"101,477",Beaver Lake Middle School,All Students,Middle,2325,2518,92.3
2022,"101,431",Mt Baker Middle School,All Students,Middle,2356,2972,79.3
2022,"102,982",Thurgood Marshall Middle School,All Students,Middle,1130,1257,89.9
2022,"101,432",Auburn Riverside High School,All Students,High,3728,5322,70.0
2022,"100,967",Blue Heron Middle School,All Students,Middle,537,842,63.8
2022,"103,272",Zillah Middle School,All Students,Middle,604,733,82.4
2022,"100,384",Southridge High School,All Students,High,4401,5213,84.4
2022,"101,613",Northwood Middle School,All Students,Middle,1522,1746,87.2
2022,"102,782",Mt Spokane High School,All Students,High,4002,4810,83.2
2022,"101,615",Kentlake High School,All Students,High,3143,4548,69.1
2022,"101,479",Skyline High School,All Students,High,6120,6615,92.5
2022,"100,616",Frontier Middle School,All Students,Middle,1880,2439,77.1
2022,"102,958",A G West Black Hills High School,All Students,High,2108,2576,81.8
2022,"102,197",Mountain View Middle School,All Students,Middle,1955,2461,79.4
2022,"100,560",Discovery Middle School,All Students,Middle,1285,1953,65.8
2022,"100,561",Skyview High School,All Students,High,4130,5430,76.1
2022,"101,695",Woodward Middle School,All Students,Middle,1344,1549,86.8
2022,"103,295",West Valley Middle School (Closed after 2020-2021 school year),All Students,Middle,736,884,83.3
2022,"100,627",Skyridge Middle School,All Students,Middle,2076,2327,89.2
2022,"102,415",Mount Baker Middle School,All Students,Middle,1510,2074,72.8
2022,"102,667",Port Susan Middle School,All Students,Middle,1225,1542,79.4
2022,"103,073",Squalicum High School,All Students,High,2736,3793,72.1
2022,"101,660",Timbercrest Middle School,All Students,Middle,2057,2287,89.9
2022,"100,499",Sequim Middle School,All Students,Middle,1375,1793,76.7
2022,"102,757",Lakeside Middle School,All Students,Middle,888,1009,88.0
2022,"100,618",Heritage High School,All Students,High,2727,5160,52.8
2022,"102,614",Monroe High School,All Students,High,3402,4803,70.8
2022,"102,482",Highland Elementary,All Students,High,1416,1756,80.6
2022,"102,071",Emerald Ridge High School,All Students,High,2951,4381,67.4
2022,"102,615",Hidden River Middle School,All Students,Middle,975,1184,82.3
2022,"100,584",Canyon Creek Middle School,All Students,Middle,584,739,79.0
2022,"101,238",Thunder Mountain Middle School,All Students,Middle,1226,1436,85.4
2022,"103,087",Horizon Middle School,All Students,Middle,1083,1436,75.4
2022,"102,345",Orcas Island Middle School,All Students,Middle,265,326,81.3
2022,"103,260",Highland High School,All Students,High,876,1102,79.5
2022,"100,620",Shahala Middle School,All Students,Middle,2442,3031,80.6
2022,"100,775",Ellen Ochoa Middle School,All Students,Middle,2224,2476,89.8
2022,"100,629",Camas High School,All Students,High,5324,6347,83.9
2022,"100,567",Hockinson High School,All Students,High,1474,2016,73.1
2022,"102,329",White River High School,All Students,High,2735,3648,75.0
2022,"101,226",Todd Beamer High School,All Students,High,2693,4439,60.7
2022,"104,139",Mt. Solo Middle School,All Students,Middle,1007,1305,77.2
2022,"103,836",Angelo Giaudrone Middle School,All Students,Middle,1109,1836,60.4
2022,"103,864",Cougar Mountain Middle School,All Students,Middle,1315,1923,68.4
2022,"103,859",Columbia Junior High School,All Students,Middle,1392,1757,79.2
2022,"104,138",Bonney Lake High School,All Students,High,3110,4373,71.1
2022,"103,835",Olympic Middle School,All Students,Middle,1253,1764,71.0
2022,"103,919",Thomas Jefferson Middle School,All Students,Middle,2003,2532,79.1
2022,"103,957",Freeman Middle School,All Students,Middle,605,687,88.1
2022,"104,002",Haller Middle School,All Students,Middle,1447,1902,76.1
2022,"104,029",New Market High School,All Students,High,,,
2022,"104,031",Mill Creek Middle School,All Students,Middle,1903,2590,73.5
2022,"104,146",Sequoyah Middle School,All Students,Middle,1285,1769,72.6
2022,"104,149",Taholah Elementary & Middle School,All Students,Middle,122,311,39.2
2022,"104,150",Graham Kapowsin High School,All Students,High,3886,5800,67.0
2022,"104,154",Auburn Mountainview High School,All Students,High,3222,4843,66.5
2022,"104,156",Park Place Middle School,All Students,Middle,1944,2405,80.8
2022,"104,201",Sierra Vista Middle School,All Students,Middle,1790,2202,81.3
2022,"104,204",Ridgeline Middle School,All Students,Middle,1594,1914,83.3
2022,"104,207",Liberty Middle School,All Students,Middle,1977,2271,87.1
2022,"104,342",Kingston High School,All Students,High,1394,1975,70.6
2022,"104,348",Daybreak Middle,All Students,Middle,1099,1426,77.1
2022,"104,420",Cavelero Mid High School,All Students,High,3543,4426,80.0
2022,"104,471",Hayes Freedom High School,All Students,High,291,446,65.2
2022,"104,484",Phoenix High School,All Students,High,41,175,23.4
2022,"104,613",Union High School,All Students,High,4048,6087,66.5
2022,"104,722",Glacier Peak High School,All Students,High,4347,5229,83.1
2022,"104,732",Tukes Valley Middle School,All Students,Middle,1122,1490,75.3
2022,"104,740",Chief Umtuch Middle,All Students,Middle,1396,1737,80.4
2022,"104,746",Twin Falls Middle School,All Students,Middle,1716,1971,87.1
2022,"104,768",Glacier View Junior High,All Students,Middle,1875,2603,72.0
2022,"104,777",Wahluke Junior High,All Students,Middle,1576,1853,85.1
2022,"104,814",Shoreline-Monroe High School,All Students,High,,,
2022,"104,881",Career Academy at Truman High School,All Students,High,47,284,16.5
2022,"104,883",Chiawana Senior High School,All Students,High,7757,8989,86.3
2022,"104,893",Aspire Middle School,All Students,Middle,775,902,85.9
2022,"104,896",First Creek Middle School,All Students,Middle,1586,2128,74.5
2022,"104,897",Crossroads High School,All Students,High,201,484,41.5
2022,"104,924",Puget Sound High School,All Students,High,107,220,48.6
2022,"104,953",Cap Sante High School,All Students,High,94,244,38.5
2022,"104,997",Washington Virtual Academy Omak Middle School,All Students,Middle,,,
2022,"104,998",Washington Virtual Academy Omak High School,All Students,High,,,
2022,"105,133",Pacific Cascade Middle School,All Students,Middle,2546,2732,93.2
2022,"105,208",Liberty Middle School,All Students,Middle,1720,2462,69.9
2022,"105,222",Marysville Pilchuck High School,All Students,High,2205,3467,63.6
2022,"105,231",West Valley High School Freshman Campus (Closed after 2018-2019 school year),All Students,High,332,402,82.6
2022,"105,266",Paideia High School,All Students,High,119,195,61.0
2022,"105,269",Selkirk Middle School,All Students,Middle,161,197,81.7
2022,"105,270",Selkirk High School,All Students,High,180,225,80.0
2022,"105,413",WINDWARD HIGH SCHOOL (Closed after 2020-2021 school year),All Students,High,,,
2022,"105,470",Nikola Tesla STEM High School,All Students,High,1654,1807,91.5
2022,"105,485",Westwood Middle School,All Students,Middle,1414,1831,77.2
2022,"105,524",Talley High School,All Students,High,897,1301,68.9
2022,"105,530",Manson Middle School,All Students,Middle,374,475,78.7
2022,"105,533",Mabton Jr. Sr. High,All Students,High,807,1120,72.1
2022,"105,541",Lind-Ritzville Middle School,All Students,Middle,100,143,69.9
2022,"105,556",Lind Ritzville Middle School,All Students,Middle,192,257,74.7
2022,"105,625",Henrietta Lacks Health and Bioscience High School,All Students,High,1107,1712,64.7
2022,"105,627",Discovery High School,All Students,High,182,380,47.9
2022,"105,772",East Valley Middle School,All Students,Middle,936,1376,68.0
2022,"105,777",Jane Addams Middle School,All Students,Middle,2548,2916,87.4
2022,"105,780",Endeavor Middle School,All Students,Middle,509,806,63.2
2022,"105,786",Futurus High School,All Students,High,81,149,54.4
2022,"105,789",College Place High School,All Students,High,925,1446,64.0
2022,"105,795",Desert Oasis High School,All Students,High,171,340,50.3
2022,"105,799",Highline Open Doors 1418,All Students,High,,,
2022,"105,803",Highline Home School Center,All Students,High,,,
2022,"105,878",Destiny Charter Middle School (Closed after 2018-2019 school year),All Students,Middle,117,163,71.8
2022,"105,890",Selah Middle School,All Students,Middle,1987,2520,78.8
2022,"105,904",Step to College Open Doors High School,All Students,High,,,
2022,"105,905",Discovery High School-Achieve,All Students,High,154,159,96.9
2022,"105,913",Woodland Middle School,All Students,Middle,1837,2124,86.5
2022,"105,988",Gibson Ek High School,All Students,High,368,530,69.4
2022,"105,990",Chinook Middle School,All Students,Middle,2320,2827,82.1
2022,"106,003",Salish Middle School,All Students,Middle,1828,2297,79.6
2022,"106,012",Wellpinit Open Doors High School,All Students,High,170,181,93.9
2022,"106,061",Marysville Getchell High School,All Students,High,3342,4657,71.8
2022,"106,064",North Creek High School,All Students,High,4359,5069,86.0
2022,"106,067",Vera Risdon Middle School,All Students,Middle,2221,2604,85.3
2022,"106,068",Edmonds S. Meany Middle School,All Students,Middle,1185,1540,76.9
2022,"106,069",Robert Eagle Staff Middle School,All Students,Middle,2049,2348,87.3
2022,"106,076",Leona Libby Middle School,All Students,Middle,1910,2273,84.0
2022,"106,146",Hood Canal Middle School (Closed after 2019-2020 school year),All Students,Middle,82,107,76.6
2022,"106,164",Discovery High School,All Students,High,392,496,79.0
2022,"106,165",Odyssey Middle School,All Students,Middle,664,757,87.7
2022,"106,176",Kalama High School,All Students,High,780,970,80.4
2022,"106,200",Glacier Middle School,All Students,Middle,1248,1806,69.1
2022,"106,201",Selkirk Middle School,All Students,Middle,871,1018,85.6
2022,"106,215",Lincoln High School,All Students,High,1723,1974,87.3
2022,"106,220",Highland Middle School,All Students,Middle,559,769,72.7
2022,"106,235",Tonasket Choice High School,All Students,High,15,39,38.5
2022,"106,239",Ella Baker High School (Open Doors),All Students,High,,,
2022,"106,247",Timberline Middle School,All Students,Middle,1374,1561,88.0
2022,"106,387",Innovation Lab High School,All Students,High,158,200,79.0
2022,"106,391",Lumen High School,All Students,High,18,39,46.2
2022,"106,403",Cedar High School,All Students,High,24,83,28.9
2022,"106,404",Highline Public Schools Virtual Academy,All Students,High,465,562,82.7
2022,"106,406",Ray Reynolds Middle School,All Students,Middle,1034,1266,81.7
2022,"106,409",Bryant Montessori Middle School,All Students,Middle,42,125,33.6
2022,"106,427",Spokane Valley High School,All Students,High,249,278,89.6
2022,"106,690",Ridgeline High School,All Students,High,641,960,66.8
2022,"106,745",Maritime High School,All Students,High,31,41,75.6
2022,"106,747",Cougar Mountain Middle School,All Students,Middle,566,645,87.8
2022,"106,761",Prescott Middle School,All Students,Middle,27,45,60.0
2022,"106,769",Hunt Middle School,All Students,Middle,129,227,56.8
2022,"106,775",Sterling Junior High School,All Students,Middle,308,727,42.4
2022,"106,789",Intergenerational High School,All Students,High,16,51,31.4
2022,"104,221",Bates Technical High School,All Students,High,,,
2022,"104,341",Northwest Career and Technical High School,All Students,High,,,
2023,"103,245",Computer Academy Toppenish High School,All Students,High,656,775,84.6
2023,"102,285",Challenger High School,All Students,High,231,915,25.2
2023,"102,248",Henderson Bay Alt High School,All Students,High,160,406,39.4
2023,"102,374",State Street High School,All Students,High,358,631,56.7
2023,"100,973",Middle College High School,All Students,Middle,211,273,77.3
2023,"100,455",Westside High School,All Students,High,482,888,54.3
2023,"102,840",Dishman Hills High School,All Students,High,516,943,54.7
2023,"100,892",East Grays Harbor High School,All Students,High,69,73,94.5
2023,"103,042",Options High School,All Students,High,193,631,30.6
2023,"101,927",James A. Taylor High School,All Students,High,85,163,52.1
2023,"102,661",Lincoln Hill High School,All Students,High,324,507,63.9
2023,"102,945",Cascadia High School,All Students,High,190,337,56.4
2023,"102,991",H.e.a.r.t. High School,All Students,High,60,133,45.1
2023,"101,663",Renaissance Alternative High School,All Students,High,122,328,37.2
2023,"100,777",Palouse Junction High School,All Students,High,100,115,87.0
2023,"102,960",Avanti High School,All Students,High,337,502,67.1
2023,"102,810",Three Springs High School,All Students,High,208,340,61.2
2023,"102,768",Mead Alternative High School (Closed after 2018-2019 school year),All Students,High,,,
2023,"102,843",Spokane Valley High School (Closed after 2019-2020 school year),All Students,High,66,101,65.3
2023,"100,358",Legacy High School,All Students,High,645,964,66.9
2023,"103,839",Legacy High School,All Students,High,327,849,38.5
2023,"103,827",Loowit High School,All Students,High,17,28,60.7
2023,"103,831",Eagle Harbor High School,All Students,High,210,313,67.1
2023,"103,916",Palouse at Garfield Middle School,All Students,Middle,85,105,81.0
2023,"103,918",Garfield at Palouse High School,All Students,High,68,87,78.2
2023,"103,977",Swiftwater Alternative High School,All Students,High,38,69,55.1
2023,"100,745",Curlew Elem & High School,All Students,High,473,713,66.3
2023,"101,941",Omak High School,All Students,High,771,1308,58.9
2023,"103,050",Fairhaven Middle School,All Students,Middle,1251,1824,68.6
2023,"103,052",Whatcom Middle School,All Students,Middle,1423,1953,72.9
2023,"102,101",Stadium High School,All Students,High,2906,4650,62.5
2023,"103,126",Lacrosse High School,All Students,High,60,130,46.2
2023,"102,645",Sultan Middle School,All Students,Middle,1128,1371,82.3
2023,"102,690",North Central High School,All Students,High,3589,4795,74.8
2023,"103,175",Davis High School,All Students,High,4313,7224,59.7
2023,"101,446",Snoqualmie Middle School,All Students,Middle,1317,1575,83.6
2023,"102,038",Puyallup High School,All Students,High,3576,5260,68.0
2023,"102,437",Everett High School,All Students,High,2686,4557,58.9
2023,"103,276",Wapato Middle School,All Students,Middle,1614,2369,68.1
2023,"100,340",Ritzville High School,All Students,High,232,320,72.5
2023,"100,459",Wenatchee High School,All Students,High,3130,6101,51.3
2023,"100,893",Elma High School,All Students,High,996,1515,65.7
2023,"101,906",Grapeview Elementary & Middle School,All Students,Middle,503,663,75.9
2023,"101,965",Liberty Bell Jr Sr High,All Students,High,599,955,62.7
2023,"102,377",Sedro Woolley Senior High School,All Students,High,2566,3705,69.3
2023,"102,985",Rainier Middle School,All Students,Middle,513,642,79.9
2023,"103,029",Touchet Elem & High School,All Students,High,425,615,69.1
2023,"100,741",Waterville High School,All Students,High,291,380,76.6
2023,"101,868",Centralia High School,All Students,High,1971,2918,67.5
2023,"102,700",Lewis & Clark High School,All Students,High,4646,5355,86.8
2023,"103,035",Preston Hall Middle School,All Students,Middle,122,208,58.7
2023,"100,521",Fort Vancouver High School,All Students,High,2120,4637,45.7
2023,"100,888",Montesano Jr-Sr High,All Students,High,1653,2079,79.5
2023,"101,062",Franklin High School,All Students,High,2617,3779,69.3
2023,"101,878",Sprague High School,All Students,High,62,98,63.3
2023,"100,780",Robert L Olds Junior High School,All Students,Middle,616,985,62.5
2023,"102,315",Eatonville High School,All Students,High,1143,1755,65.1
2023,"103,154",Endicott/St John Elem and Middle,All Students,Middle,182,250,72.8
2023,"101,993",South Bend High School,All Students,High,530,757,70.0
2023,"102,112",Lincoln High School,All Students,High,2197,4847,45.3
2023,"103,095",Lynden Middle School,All Students,Middle,1701,2010,84.6
2023,"101,071",Ballard High School,All Students,High,4105,5125,80.1
2023,"100,738",Mansfield Elem and High School,All Students,High,217,292,74.3
2023,"101,072",West Seattle High School,All Students,High,2796,3704,75.5
2023,"102,024",Pioneer Middle,All Students,Middle,1946,2276,85.5
2023,"103,267",Zillah High School,All Students,High,943,1315,71.7
2023,"100,790",Pomeroy Jr Sr High School,All Students,High,210,437,48.1
2023,"101,949",Okanogan Middle School,All Students,Middle,523,737,71.0
2023,"101,950",Okanogan High School,All Students,High,585,922,63.4
2023,"103,249",Toppenish Middle School,All Students,Middle,2184,2654,82.3
2023,"100,703",Kelso High School,All Students,High,2938,4375,67.2
2023,"100,759",Mcloughlin Middle School,All Students,Middle,2773,3646,76.1
2023,"101,077",Highland Park Elementary School,All Students,High,645,903,71.4
2023,"101,743",South Kitsap High School,All Students,High,4873,7253,67.2
2023,"101,820",Napavine Jr Sr High School,All Students,High,940,1242,75.7
2023,"102,399",La Conner High School,All Students,High,315,617,51.1
2023,"100,687",Castle Rock High School,All Students,High,915,1310,69.8
2023,"100,913",Oakville High School,All Students,High,259,439,59.0
2023,"101,079",Roosevelt High School,All Students,High,4056,4944,82.0
2023,"102,250",Goodman Middle School,All Students,Middle,1208,1499,80.6
2023,"100,345",Charles Francis Adams High School,All Students,High,1068,2243,47.6
2023,"102,405",Mount Vernon High School,All Students,High,3384,5862,57.7
2023,"100,656",Dayton High School,All Students,High,169,333,50.8
2023,"100,860",Miller Junior High,All Students,Middle,1590,2279,69.8
2023,"101,080",Garfield High School,All Students,High,3682,5117,72.0
2023,"101,523",Kirkland Middle School,All Students,Middle,1444,1750,82.5
2023,"103,179",Washington Middle School,All Students,Middle,1556,2417,64.4
2023,"100,439",CASHMERE MIDDLE SCHOOL,All Students,Middle,1342,1531,87.7
2023,"100,434",Chelan Middle School,All Students,Middle,741,946,78.3
2023,"101,256",Highline High School,All Students,High,2016,3553,56.7
2023,"101,785",Cle Elum Roslyn High School,All Students,High,510,728,70.1
2023,"101,811",Columbia High School,All Students,High,695,1069,65.0
2023,"101,848",Onalaska High School,All Students,High,545,768,71.0
2023,"102,120",Hilltop Heritage Middle School,All Students,Middle,1028,1741,59.0
2023,"103,117",Mount Baker Senior High,All Students,High,1054,1582,66.6
2023,"103,208",East Valley High School,All Students,High,2090,2952,70.8
2023,"100,512",Forks High School,All Students,High,578,881,65.6
2023,"101,989",Raymond Jr Sr High School,All Students,High,536,805,66.6
2023,"102,122",Stewart Middle School,All Students,Middle,1241,2003,62.0
2023,"102,366",Burlington Edison High School,All Students,High,1680,3287,51.1
2023,"102,439",North Middle School,All Students,Middle,1452,2182,66.5
2023,"100,393",River View High School,All Students,High,621,926,67.1
2023,"101,086",Hamilton International Middle School,All Students,Middle,2652,2912,91.1
2023,"102,123",Mason Middle School,All Students,Middle,1703,2165,78.7
2023,"102,124",Gray Middle School,All Students,Middle,1044,1660,62.9
2023,"103,036",Waitsburg High School,All Students,High,133,257,51.8
2023,"103,215",Selah High School,All Students,High,2374,3348,70.9
2023,"103,297",Mount Adams Middle School,All Students,Middle,269,430,62.6
2023,"100,650",Ridgefield High School,All Students,High,2131,3130,68.1
2023,"100,875",Hoquiam Middle School,All Students,Middle,690,1060,65.1
2023,"101,089",Cleveland High School STEM,All Students,High,2084,2745,75.9
2023,"101,414",Cascade Middle School,All Students,Middle,1824,2727,66.9
2023,"101,690",Bainbridge High School,All Students,High,2872,3876,74.1
2023,"101,961",Pateros High School,All Students,High,327,449,72.8
2023,"102,662",Stanwood Middle School,All Students,Middle,1062,1478,71.9
2023,"102,770",Mead Senior High School,All Students,High,3753,5326,70.5
2023,"102,872",Jenkins Junior/Senior High,All Students,Middle,591,911,64.9
2023,"103,181",Franklin Middle School,All Students,Middle,1722,2671,64.5
2023,"100,634",Battle Ground High School,All Students,High,3610,4954,72.9
2023,"100,667",R A Long High School,All Students,High,1658,2642,62.8
2023,"101,186",Federal Way High School,All Students,High,2715,4938,55.0
2023,"101,309",Vashon Island High School,All Students,High,1138,1533,74.2
2023,"102,015",Cusick Jr Sr High School,All Students,High,247,420,58.8
2023,"102,218",Clover Park High School,All Students,High,1836,3974,46.2
2023,"102,472",Lake Stevens Sr High School,All Students,High,4238,6168,68.7
2023,"102,623",Snohomish High School,All Students,High,3436,4679,73.4
2023,"103,163",Oakesdale High School,All Students,High,154,216,71.3
2023,"100,353",Asotin Jr Sr High,All Students,High,770,992,77.6
2023,"101,091",Madison Middle School,All Students,Middle,2462,2966,83.0
2023,"101,835",Adna Middle/High School,All Students,Middle,834,1161,71.8
2023,"101,891",Odessa High School,All Students,High,271,346,78.3
2023,"102,812",Cheney Middle School,All Students,Middle,1300,1889,68.8
2023,"101,771",Morgan Middle School,All Students,Middle,1966,2331,84.3
2023,"103,110",Nooksack Valley High School,All Students,High,1008,1417,71.1
2023,"102,391",Anacortes High School,All Students,High,1997,2314,86.3
2023,"102,986",Rainier Senior High School,All Students,High,577,724,79.7
2023,"100,495",Sequim Senior High,All Students,High,1683,2390,70.4
2023,"100,850",Wilson Creek High,All Students,High,130,193,67.4
2023,"100,949",Quilcene High And Elementary,All Students,High,463,661,70.0
2023,"101,326",Renton Senior High School,All Students,High,1956,3635,53.8
2023,"101,703",Poulsbo Middle School,All Students,Middle,1758,2162,81.3
2023,"101,881",Reardan Middle-Senior High School,All Students,Middle,753,1040,72.4
2023,"102,709",Rogers High School,All Students,High,3068,4592,66.8
2023,"102,915",Yelm Middle School,All Students,Middle,1620,2123,76.3
2023,"103,078",Ferndale High School,All Students,High,2700,4041,66.8
2023,"103,134",Pullman High School,All Students,High,1826,2583,70.7
2023,"100,346",Lincoln Middle School,All Students,Middle,744,1078,69.0
2023,"100,962",Port Townsend High School,All Students,High,694,1114,62.3
2023,"100,399",Prosser High School,All Students,High,1910,2650,72.1
2023,"100,801",Quincy Middle School,All Students,Middle,1569,2249,69.8
2023,"100,940",South Whidbey Middle,All Students,Middle,461,610,75.6
2023,"101,350",Skykomish High School,All Students,High,22,32,68.8
2023,"101,766",Thorp Elem & Jr Sr High,All Students,High,325,536,60.6
2023,"102,010",Newport High School,All Students,High,623,940,66.3
2023,"102,563",Arlington High School,All Students,High,3627,5028,72.1
2023,"103,263",Granger Middle School,All Students,Middle,867,1386,62.6
2023,"103,299",White Swan High School,All Students,High,345,746,46.2
2023,"102,003",Willapa Valley Middle-High,All Students,Middle,482,560,86.1
2023,"102,877",Wellpinit High School,All Students,High,133,277,48.0
2023,"103,061",Bellingham High School,All Students,High,2374,3596,66.0
2023,"103,102",Meridian High School,All Students,High,1004,1436,69.9
2023,"103,231",Grandview High School,All Students,High,1939,3229,60.0
2023,"100,682",Toutle Lake High School,All Students,High,666,920,72.4
2023,"100,692",Kalama Middle School,All Students,Middle,593,763,77.7
2023,"101,397",Showalter Middle School,All Students,Middle,1289,1849,69.7
2023,"101,786",Walter Strom Middle School,All Students,Middle,475,696,68.2
2023,"102,046",Edgemont Jr High,All Students,High,1062,1498,70.9
2023,"102,655",Granite Falls High School,All Students,High,1142,1591,71.8
2023,"102,663",Stanwood High School,All Students,High,2874,3930,73.1
2023,"103,169",Naches Valley High School,All Students,High,859,1174,73.2
2023,"100,750",Inchelium High School,All Students,High,136,208,65.4
2023,"101,789",Wishram High And Elementary Schl,All Students,High,110,201,54.7
2023,"100,513",Forks Middle School,All Students,Middle,459,713,64.4
2023,"101,717",Central Kitsap High School,All Students,High,3140,4872,64.4
2023,"101,844",Toledo High School,All Students,High,515,677,76.1
2023,"100,426",Manson High School,All Students,High,449,637,70.5
2023,"100,932",Coupeville High School,All Students,High,631,868,72.7
2023,"102,347",Lopez Middle High School,All Students,Middle,256,397,64.5
2023,"102,916",Yelm High School 12,All Students,High,3367,4852,69.4
2023,"103,145",Palouse High School,All Students,High,123,165,74.5
2023,"101,328",Highlands Elementary School,All Students,High,937,1441,65.0
2023,"100,718",Orondo Elementary and Middle School,All Students,Middle,302,433,69.7
2023,"100,635",Amboy Middle School,All Students,Middle,1131,1626,69.6
2023,"100,826",Frontier Middle School,All Students,Middle,1659,2273,73.0
2023,"101,971",Tonasket High School,All Students,High,672,995,67.5
2023,"102,251",Peninsula High School,All Students,High,3348,4318,77.5
2023,"103,112",Nooksack Valley Middle School,All Students,Middle,970,1291,75.1
2023,"101,357",Bellevue High School,All Students,High,3750,4630,81.0
2023,"101,416",West Auburn Senior High School (Closed after 2022-2023 school year),All Students,High,256,681,37.6
2023,"101,976",Oroville Middle-High School,All Students,Middle,493,774,63.7
2023,"102,392",Anacortes Middle School,All Students,Middle,1634,1805,90.5
2023,"103,257",Highland Middle School,All Students,Middle,461,576,80.0
2023,"100,411",Carmichael Middle School,All Students,Middle,1842,2603,70.8
2023,"100,592",Evergreen High School,All Students,High,2258,4691,48.1
2023,"100,727",Eastmont Senior High,All Students,High,2772,4310,64.3
2023,"100,880",North Beach Senior High School,All Students,High,344,588,58.5
2023,"101,101",Eckstein Middle School,All Students,Middle,2764,3221,85.8
2023,"101,524",Lake Washington High School,All Students,High,4358,5736,76.0
2023,"102,343",Orcas Island High School,All Students,High,258,411,62.8
2023,"101,780",Kittitas High School,All Students,High,759,1076,70.5
2023,"102,332",Fife High School,All Students,High,2010,2635,76.3
2023,"102,786",North Pines Middle School,All Students,Middle,971,1520,63.9
2023,"103,017",Pioneer Middle School,All Students,Middle,1258,1785,70.5
2023,"100,412",Chief Joseph Middle School,All Students,Middle,1427,2155,66.2
2023,"100,721",Bridgeport High School,All Students,High,519,673,77.1
2023,"101,417",Auburn Senior High School,All Students,High,3061,5402,56.7
2023,"101,574",Kent-Meridian High School,All Students,High,3203,6175,51.9
2023,"101,859",W F West High School,All Students,High,2039,2922,69.8
2023,"101,956",Brewster High School,All Students,High,723,864,83.7
2023,"100,855",Lake Roosevelt Jr/Sr High School,All Students,High,483,1055,45.8
2023,"102,293",Bethel High School,All Students,High,3118,5308,58.7
2023,"102,361",Concrete High School,All Students,High,356,616,57.8
2023,"102,580",Totem Middle School,All Students,Middle,911,1685,54.1
2023,"100,363",Kennewick High School,All Students,High,3685,5162,71.4
2023,"100,670",Monticello Middle School,All Students,Middle,1095,1634,67.0
2023,"101,107",David T. Denny International Middle School,All Students,Middle,1848,2537,72.8
2023,"101,398",Foster Senior High School,All Students,High,1581,2625,60.2
2023,"101,435",Tahoma Senior High School,All Students,High,6343,8275,76.7
2023,"101,450",Mount Si High School,All Students,High,4794,6086,78.8
2023,"101,808",Goldendale High School,All Students,High,599,915,65.5
2023,"101,865",White Pass Jr. Sr. High School,All Students,High,396,541,73.2
2023,"101,889",Creston Jr-Sr High School,All Students,High,103,149,69.1
2023,"101,924",Pioneer Middle School,All Students,Middle,439,719,61.1
2023,"102,271",Franklin Pierce High School,All Students,High,2321,3466,67.0
2023,"102,352",Friday Harbor High School,All Students,High,530,760,69.7
2023,"102,760",Medical Lake High School,All Students,High,1208,1559,77.5
2023,"103,003",Julius A Wendt Elementary/John C Thomas Middle School,All Students,Middle,693,876,79.1
2023,"103,148",Garfield Middle School,All Students,Middle,78,103,75.7
2023,"103,171",Naches Valley Middle School,All Students,Middle,786,1195,65.8
2023,"103,252",Toppenish High School,All Students,High,2285,2867,79.7
2023,"100,337",Lind-Ritzville High School,All Students,High,78,147,53.1
2023,"100,389",Kiona-Benton City High School,All Students,High,644,991,65.0
2023,"100,401",Housel Middle School,All Students,Middle,1339,1826,73.3
2023,"100,480",Port Angeles High School,All Students,High,1998,2989,66.8
2023,"100,709",Huntington Middle School,All Students,Middle,1172,1685,69.6
2023,"100,762",Pasco Senior High School,All Students,High,5500,7312,75.2
2023,"100,841",Ephrata High School,All Students,High,1802,2560,70.4
2023,"101,271",Sylvester Middle School,All Students,Middle,1458,1986,73.4
2023,"102,206",Orting High School,All Students,High,1606,2572,62.4
2023,"102,907",Northport High School,All Students,High,93,151,61.6
2023,"103,240",Sunnyside High School,All Students,High,4421,6467,68.4
2023,"100,814",Almira Coulee Hartline High School,All Students,High,195,262,74.4
2023,"100,921",Oak Harbor High School,All Students,High,3351,4655,72.0
2023,"101,774",Ellensburg High School,All Students,High,2022,2838,71.2
2023,"103,121",Mount Baker Junior High,All Students,Middle,578,831,69.6
2023,"102,925",North Thurston High School,All Students,High,3062,4403,69.5
2023,"102,353",Friday Harbor Middle School,All Students,Middle,324,495,65.5
2023,"103,031",Columbia Middle School,All Students,Middle,424,575,73.7
2023,"100,333",Othello High School,All Students,High,2825,3775,74.8
2023,"100,832",Columbia Middle School,All Students,Middle,2128,2749,77.4
2023,"100,910",Ocosta Junior - Senior High,All Students,Middle,580,792,73.2
2023,"101,243",Mercer Island High School,All Students,High,4020,4630,86.8
2023,"101,333",McKnight Middle School,All Students,Middle,2056,2724,75.5
2023,"101,461",Issaquah Middle School,All Students,Middle,2118,2626,80.7
2023,"101,748",Marcus Whitman Middle School,All Students,Middle,1337,2045,65.4
2023,"102,048",Kalles Junior High,All Students,Middle,1753,2584,67.8
2023,"102,141",Baker Middle School,All Students,Middle,1350,2200,61.4
2023,"102,790",Central Valley High School,All Students,High,3458,5183,66.7
2023,"102,994",Rochester Middle School,All Students,Middle,1022,1507,67.8
2023,"103,160",St John/Endicott High,All Students,High,99,208,47.6
2023,"103,234",Grandview Middle School,All Students,Middle,2127,2661,79.9
2023,"103,289",West Valley High School,All Students,High,3348,4608,72.7
2023,"100,326",Washtucna Elementary/High School,All Students,High,156,206,75.7
2023,"100,538",Hudson's Bay High School,All Students,High,1779,3475,51.2
2023,"100,804",Quincy High School,All Students,High,1623,2598,62.5
2023,"100,818",Soap Lake Middle & High School,All Students,Middle,504,876,57.5
2023,"101,117",Mercer International Middle School,All Students,Middle,2480,2992,82.9
2023,"101,118",Chief Sealth International High School,All Students,High,2185,3588,60.9
2023,"101,281",Chinook Middle School,All Students,Middle,1389,2001,69.4
2023,"101,282",Evergreen High School,All Students,High,1664,3192,52.1
2023,"101,629",Bothell High School,All Students,High,4022,5195,77.4
2023,"101,674",Bremerton High School,All Students,High,2183,3686,59.2
2023,"101,816",Lyle High School,All Students,High,123,230,53.5
2023,"101,832",Morton Junior-Senior High,All Students,Middle,397,565,70.3
2023,"101,898",Harrington High School,All Students,High,61,129,47.3
2023,"102,426",Stevenson High School,All Students,High,510,781,65.3
2023,"102,489",Olympic View Middle School,All Students,Middle,2327,2789,83.4
2023,"102,523",Edmonds Woodway High School,All Students,High,3192,4653,68.6
2023,"102,565",Post Middle School,All Students,Middle,1369,1974,69.4
2023,"101,706",Middle School Options (Closed after 2019-2020 school year),All Students,Middle,19,27,70.4
2023,"102,969",Olympia High School,All Students,High,4484,5519,81.2
2023,"102,970",Jefferson Middle School,All Students,Middle,1190,1359,87.6
2023,"103,090",Blaine High School,All Students,High,1273,1877,67.8
2023,"103,128",Lamont Middle School,All Students,Middle,67,106,63.2
2023,"103,280",Wapato High School,All Students,High,1496,2597,57.6
2023,"100,505",Neah Bay Junior/ Senior High School,All Students,Middle,350,574,61.0
2023,"100,539",Mcloughlin Middle School,All Students,Middle,1766,2931,60.3
2023,"100,581",Washougal High School,All Students,High,2080,3123,66.6
2023,"100,673",Mark Morris High School,All Students,High,1721,2728,63.1
2023,"101,283",Cascade Middle School,All Students,Middle,1380,2188,63.1
2023,"101,362",Highland Middle School,All Students,Middle,1435,1798,79.8
2023,"101,419",Olympic Middle School,All Students,Middle,1709,2820,60.6
2023,"101,902",Davenport Senior High School,All Students,High,622,920,67.6
2023,"101,930",Hawkins Middle School,All Students,Middle,950,1459,65.1
2023,"101,931",North Mason Senior High School,All Students,High,2020,2108,95.8
2023,"102,175",Curtis Junior High,All Students,Middle,2233,2713,82.3
2023,"102,382",Cascade Middle School,All Students,Middle,1443,2104,68.6
2023,"102,651",Darrington High School,All Students,High,278,387,71.8
2023,"102,720",Shadle Park High School,All Students,High,2740,3744,73.2
2023,"102,772",Mountainside Middle School,All Students,Middle,1871,2392,78.2
2023,"102,807",Freeman High School,All Students,High,755,896,84.3
2023,"102,851",West Valley High School,All Students,High,1676,2635,63.6
2023,"102,910",Kettle Falls Middle School,All Students,Middle,570,720,79.2
2023,"103,065",Shuksan Middle School,All Students,Middle,1225,1822,67.2
2023,"103,194",Eisenhower High School,All Students,High,3504,6332,55.3
2023,"100,466",Pioneer Middle School,All Students,Middle,1246,1872,66.6
2023,"100,788",Kahlotus Elem & High,All Students,High,102,135,75.6
2023,"100,835",Moses Lake High School,All Students,High,3796,6481,58.6
2023,"101,245",Islander Middle School,All Students,Middle,2791,3048,91.6
2023,"101,499",Highland Terrace Elementary,All Students,High,1012,1157,87.5
2023,"101,528",Redmond Middle School,All Students,Middle,2488,2954,84.2
2023,"101,578",Meridian Middle School,All Students,Middle,1280,1722,74.3
2023,"101,707",North Kitsap High School,All Students,High,2424,3256,74.4
2023,"101,722",Central Kitsap Middle School,All Students,Middle,1688,2232,75.6
2023,"101,828",Mossyrock Jr./Sr. High School,All Students,High,587,776,75.6
2023,"101,875",Centralia Middle School,All Students,Middle,1077,1615,66.7
2023,"101,913",Shelton High School,All Students,High,2171,4432,49.0
2023,"102,144",Meeker Middle School,All Students,Middle,1411,1945,72.5
2023,"102,146",Dr. Dolores Silas High School,All Students,High,2193,3560,61.6
2023,"102,185",Sumner High School,All Students,High,3500,5230,66.9
2023,"102,226",Hudtloff Middle School,All Students,Middle,1339,2044,65.5
2023,"102,295",Bethel Middle School,All Students,Middle,1362,2209,61.7
2023,"102,449",Evergreen Middle School,All Students,Middle,2085,3004,69.4
2023,"102,722",Shaw Middle School,All Students,Middle,1282,1933,66.3
2023,"102,723",Glover Middle School,All Students,Middle,1151,1755,65.6
2023,"102,793",Bowdish Middle School,All Students,Middle,1130,1353,83.5
2023,"102,858",Deer Park Middle School,All Students,Middle,1002,1468,68.3
2023,"100,349",Highland Elementary,All Students,High,553,810,68.3
2023,"100,366",Highlands Middle School,All Students,Middle,1699,2404,70.7
2023,"100,441",CASHMERE HIGH SCHOOL,All Students,High,1266,1474,85.9
2023,"100,783",Connell High School,All Students,High,1453,1898,76.6
2023,"100,809",Warden High School,All Students,High,549,840,65.4
2023,"100,954",Chimacum Junior/Senior High School,All Students,Middle,484,845,57.3
2023,"101,123",Ingraham High School,All Students,High,3185,4408,72.3
2023,"101,124",Whitman Middle School,All Students,Middle,1648,1998,82.5
2023,"101,291",Mount Rainier High School,All Students,High,3299,5374,61.4
2023,"101,334",Dimmitt Middle School,All Students,Middle,1319,2015,65.5
2023,"101,367",Sammamish Senior High,All Students,High,2968,3936,75.4
2023,"101,368",Tyee Middle School,All Students,Middle,2803,2952,95.0
2023,"101,999",Naselle-Grays River Valley Jr Sr High Schools,All Students,High,355,566,62.7
2023,"102,228",Mann Middle School (Closed after 2019-2020 school year),All Students,Middle,383,452,84.7
2023,"102,275",Morris Ford Middle School,All Students,Middle,2050,2941,69.7
2023,"102,528",Mountlake Terrace High School,All Students,High,3079,4188,73.5
2023,"102,885",Colville Senior High School,All Students,High,1027,1547,66.4
2023,"102,903",Mary Walker High School,All Students,High,234,440,53.2
2023,"103,241",Harrison Middle School,All Students,Middle,1942,2681,72.4
2023,"103,264",Granger High School,All Students,High,710,1353,52.5
2023,"100,431",Entiat Middle and High School,All Students,Middle,363,473,76.7
2023,"100,484",Stevens Middle School,All Students,Middle,1154,1559,74.0
2023,"100,564",Hockinson Middle School,All Students,Middle,1104,1438,76.8
2023,"100,597",Covington Middle School,All Students,Middle,1801,2951,61.0
2023,"100,712",Coweeman Middle School,All Students,Middle,1165,1624,71.7
2023,"100,765",Stevens Middle School,All Students,Middle,1885,2738,68.8
2023,"101,125",Rainier Beach High School,All Students,High,1446,2387,60.6
2023,"101,231",Enumclaw Sr High School,All Students,High,2724,3954,68.9
2023,"101,292",Pacific Middle School,All Students,Middle,1348,2063,65.3
2023,"101,371",Chinook Middle School,All Students,Middle,2258,2580,87.5
2023,"101,437",Summit Trail Middle School,All Students,Middle,2771,3313,83.6
2023,"101,501",Shorecrest High School,All Students,High,3083,4538,67.9
2023,"101,635",Kenmore Middle School,All Students,Middle,1790,2221,80.6
2023,"102,530",Meadowdale Middle School,All Students,Middle,1760,2242,78.5
2023,"102,584",Marysville Middle School,All Students,Middle,1380,2237,61.7
2023,"102,724",Sacajawea Middle School,All Students,Middle,1989,2451,81.2
2023,"102,829",East Valley High School,All Students,High,1968,2978,66.1
2023,"102,928",Chinook Middle School,All Students,Middle,1757,2398,73.3
2023,"102,950",Tumwater High School,All Students,High,2599,3398,76.5
2023,"103,142",Colfax High School,All Students,High,630,790,79.7
2023,"103,197",Wilson Middle School,All Students,Middle,1850,2666,69.4
2023,"100,468",Orchard Middle School,All Students,Middle,929,1318,70.5
2023,"100,570",La Center Middle School,All Students,Middle,924,1247,74.1
2023,"100,732",Eastmont Junior High,All Students,Middle,1787,2709,66.0
2023,"100,844",Ephrata Middle School,All Students,Middle,1005,1377,73.0
2023,"100,907",Wishkah Valley Elementary/High School,All Students,High,308,470,65.5
2023,"101,192",Lakota Middle School,All Students,Middle,1423,2145,66.3
2023,"101,463",Issaquah High School,All Students,High,6023,7406,81.3
2023,"101,502",Kellogg Middle School,All Students,Middle,2083,2652,78.5
2023,"101,792",Bickleton Elementary & High Schl,All Students,High,299,340,87.9
2023,"101,809",Goldendale Middle School,All Students,Middle,519,825,62.9
2023,"101,813",Wayne M Henkle Middle School,All Students,Middle,419,567,73.9
2023,"102,148",Mount Tahoma High School,All Students,High,2038,4190,48.6
2023,"102,277",Perry G Keithley Middle School,All Students,Middle,1835,2581,71.1
2023,"102,450",Cascade High School,All Students,High,3415,5362,63.7
2023,"102,475",Lake Stevens Middle School,All Students,Middle,1535,2046,75.0
2023,"102,727",Ferris High School,All Students,High,3845,5003,76.9
2023,"102,728",Salk Middle School,All Students,Middle,1854,2236,82.9
2023,"102,795",University High School,All Students,High,3084,4575,67.4
2023,"102,837",Liberty High School,All Students,High,369,525,70.3
2023,"103,131",Tekoa High School,All Students,High,188,275,68.4
2023,"103,138",Lincoln Middle School,All Students,Middle,1527,1866,81.8
2023,"100,506",Clallam Bay High & Elementary,All Students,High,253,362,69.9
2023,"100,540",Columbia River High,All Students,High,2366,3410,69.4
2023,"101,193",Evergreen Middle School,All Students,Middle,1543,2211,69.8
2023,"101,337",Nelsen Middle School,All Students,Middle,2078,2874,72.3
2023,"101,375",Tillicum Middle School,All Students,Middle,2024,2218,91.3
2023,"102,051",Aylen Jr High,All Students,High,1413,2158,65.5
2023,"102,149",Truman Middle School,All Students,Middle,1245,1740,71.6
2023,"102,235",Lakes High School,All Students,High,2816,3821,73.7
2023,"102,324",Glacier Middle School,All Students,Middle,2111,2850,74.1
2023,"102,536",Meadowdale High School,All Students,High,3176,4502,70.5
2023,"102,864",Riverside Middle School,All Students,Middle,749,963,77.8
2023,"103,004",Wahkiakum High School,All Students,High,401,526,76.2
2023,"103,019",Walla Walla High School,All Students,High,3535,4972,71.1
2023,"100,334",McFarland Middle School,All Students,Middle,1684,2181,77.2
2023,"100,369",Park Middle School,All Students,Middle,1591,2170,73.3
2023,"100,675",Cascade Middle School,All Students,Middle,1036,1514,68.4
2023,"100,868",J M Weatherwax High School,All Students,High,1740,2722,63.9
2023,"101,131",Nathan Hale High School,All Students,High,2410,3378,71.3
2023,"101,297",Tyee High School,All Students,High,1291,2306,56.0
2023,"101,379",Newport Senior High School,All Students,High,4813,5391,89.3
2023,"101,640",Canyon Park Middle School,All Students,Middle,2350,2777,84.6
2023,"101,803",Klickitat Elem & High,All Students,High,172,258,66.7
2023,"102,188",Sumner Middle School,All Students,Middle,1597,2146,74.4
2023,"102,237",Thomas Middle School,All Students,Middle,1665,2491,66.8
2023,"102,897",Columbia High And Elementary,All Students,High,179,361,49.6
2023,"102,999",Tenino High School,All Students,High,748,1162,64.4
2023,"103,020",Garrison Middle School,All Students,Middle,1301,1800,72.3
2023,"100,415",Richland High School,All Students,High,4701,6235,75.4
2023,"100,821",Royal High School,All Students,High,975,1609,60.6
2023,"101,134",McClure Middle School,All Students,Middle,1183,1414,83.7
2023,"101,408",Cedarcrest High School,All Students,High,2257,2828,79.8
2023,"101,531",Redmond High School,All Students,High,4918,6507,75.6
2023,"102,853",Centennial Middle School,All Students,Middle,1108,1805,61.4
2023,"103,026",John Sager Middle School,All Students,Middle,667,1111,60.0
2023,"100,543",Jason Lee Middle School,All Students,Middle,1188,1827,65.0
2023,"100,639",Laurin Middle School,All Students,Middle,1827,2159,84.6
2023,"100,698",Woodland High School,All Students,High,1526,2017,75.7
2023,"103,951",Raisbeck Aviation High School,All Students,High,1041,1215,85.7
2023,"103,961",Republic Junior High,All Students,Middle,95,166,57.2
2023,"102,543",Alderwood Middle School,All Students,Middle,1782,2303,77.4
2023,"100,449",Cascade High School,All Students,High,862,1225,70.4
2023,"102,797",Greenacres Middle School,All Students,Middle,1147,1568,73.2
2023,"103,040",Prescott High School,All Students,High,150,242,62.0
2023,"103,069",Sehome High School,All Students,High,2609,3501,74.5
2023,"100,756",Republic Senior High School,All Students,High,145,284,51.1
2023,"100,897",Taholah High School,All Students,High,66,194,34.0
2023,"101,201",Thomas Jefferson High School,All Students,High,3281,5287,62.1
2023,"101,383",Interlake Senior High School,All Students,High,3968,4875,81.4
2023,"101,535",Finn Hill Middle School,All Students,Middle,1602,2028,79.0
2023,"101,839",Winlock Senior High,All Students,High,464,623,74.5
2023,"102,177",Curtis Senior High,All Students,High,3230,4117,78.5
2023,"102,239",Lochburn Middle School,All Students,Middle,1164,1736,67.1
2023,"102,817",Cheney High School,All Students,High,2744,4247,64.6
2023,"102,930",Nisqually Middle School,All Students,Middle,1886,2670,70.6
2023,"102,951",Tumwater Middle School,All Students,Middle,1520,1906,79.7
2023,"103,199",Lewis & Clark Middle School,All Students,Middle,1608,2591,62.1
2023,"100,822",Royal Middle School,All Students,Middle,648,885,73.2
2023,"100,878",Hoquiam High School,All Students,High,874,1292,67.6
2023,"101,203",Sacajawea Middle School,All Students,Middle,1523,2217,68.7
2023,"101,342",Hazen Senior High School,All Students,High,3685,5450,67.6
2023,"101,384",Odle Middle School,All Students,Middle,2636,2869,91.9
2023,"101,467",Maywood Middle School,All Students,Middle,2604,2888,90.2
2023,"101,586",Kentridge High School,All Students,High,4510,6011,75.0
2023,"101,817",Lyle Middle School,All Students,Middle,70,134,52.2
2023,"102,055",Gov John Rogers High School,All Students,High,3433,5197,66.1
2023,"102,279",Washington High School,All Students,High,1968,3001,65.6
2023,"102,549",Brier Terrace Middle School,All Students,Middle,1634,2028,80.6
2023,"101,312",McMurray Middle School,All Students,Middle,843,1076,78.3
2023,"101,505",Albert Einstein Middle School,All Students,Middle,2324,2783,83.5
2023,"101,752",Cedar Heights Middle School,All Students,Middle,1356,2013,67.4
2023,"102,493",Mariner High School,All Students,High,4643,6756,68.7
2023,"102,972",Reeves Middle School,All Students,Middle,1035,1157,89.5
2023,"101,208",Kilo Middle School,All Students,Middle,1324,1928,68.7
2023,"101,541",Rose Hill Middle School,All Students,Middle,2389,2886,82.8
2023,"102,933",Timberline High School,All Students,High,2960,4281,69.1
2023,"102,974",Washington Middle School,All Students,Middle,2088,2319,90.0
2023,"100,370",Kamiakin High School,All Students,High,4322,5504,78.5
2023,"101,346",Lindbergh Senior High School,All Students,High,2508,3725,67.3
2023,"102,056",Ballou Jr High,All Students,High,1808,2673,67.6
2023,"102,297",Spanaway Middle School,All Students,Middle,1375,2207,62.3
2023,"102,453",Eisenhower Middle School,All Students,Middle,2136,2761,77.4
2023,"102,553",College Place Middle School,All Students,Middle,1067,1408,75.8
2023,"102,554",Lynnwood High School,All Students,High,2970,4121,72.1
2023,"102,737",Garry Middle School,All Students,Middle,1216,1843,66.0
2023,"103,084",Vista Middle School,All Students,Middle,1295,1698,76.3
2023,"101,592",Meeker Middle School,All Students,Middle,1461,1982,73.7
2023,"101,210",Decatur High School,All Students,High,2300,4052,56.8
2023,"101,544",Juanita High School,All Students,High,3642,4847,75.1
2023,"101,143",Aki Kurose Middle School,All Students,Middle,1591,2183,72.9
2023,"101,144",Alan T. Sugiyama High School,All Students,High,27,117,23.1
2023,"100,600",Cascade Middle School,All Students,Middle,1662,2743,60.6
2023,"100,884",North Beach Junior High School,All Students,Middle,269,456,59.0
2023,"101,643",Leota Middle School,All Students,Middle,2239,2607,85.9
2023,"101,724",Fairview Middle School,All Students,Middle,1198,1965,61.0
2023,"103,000",Tenino Middle School,All Students,Middle,626,952,65.8
2023,"103,091",Blaine Middle School,All Students,Middle,1019,1450,70.3
2023,"102,335",Surprise Lake Middle School,All Students,Middle,1418,1841,77.0
2023,"102,427",Wind River Middle School,All Students,Middle,356,558,63.8
2023,"102,411",La Venture Middle School,All Students,Middle,1542,2202,70.0
2023,"100,417",Hanford High School,All Students,High,4453,5828,76.4
2023,"102,886",Colville Junior High School,All Students,Middle,711,1172,60.7
2023,"102,777",Northwood Middle School,All Students,Middle,2387,2974,80.3
2023,"102,556",Scriber Lake High School,All Students,High,208,619,33.6
2023,"101,546",Emerson High School,All Students,High,42,150,28.0
2023,"100,869",Harbor Junior/Senior High School,All Students,Middle,42,365,11.5
2023,"101,147",Nova High School,All Students,High,742,757,98.0
2023,"101,472",Pine Lake Middle School,All Students,Middle,2524,2734,92.3
2023,"102,158",Foss High School,All Students,High,947,1902,49.8
2023,"102,799",Evergreen Middle School,All Students,Middle,1626,1977,82.2
2023,"100,653",View Ridge Middle School,All Students,Middle,1236,1774,69.7
2023,"102,639",Lakewood Middle School,All Students,Middle,1155,1865,61.9
2023,"102,904",Springdale Middle School,All Students,Middle,206,333,61.9
2023,"101,212",Illahee Middle School,All Students,Middle,1540,2303,66.9
2023,"102,401",La Conner Middle,All Students,Middle,261,413,63.2
2023,"100,549",Gaiser Middle School,All Students,Middle,1490,2462,60.5
2023,"100,810",Warden Middle School,All Students,Middle,494,686,72.0
2023,"100,769",New Horizons High School,All Students,High,519,1062,48.9
2023,"102,800",Mica Peak High School,All Students,High,230,396,58.1
2023,"101,507",Shorewood High School,All Students,High,3218,4638,69.4
2023,"101,548",Kamiakin Middle School,All Students,Middle,1353,1876,72.1
2023,"100,419",Enterprise Middle School,All Students,Middle,1504,2134,70.5
2023,"103,104",Meridian Middle School,All Students,Middle,831,1099,75.6
2023,"100,550",Lewis and Clark High School,All Students,High,148,263,56.3
2023,"101,439",Maple View Middle School,All Students,Middle,2509,3066,81.8
2023,"100,928",North Whidbey Middle School,All Students,Middle,1755,2335,75.2
2023,"102,976",Capital High School,All Students,High,3045,4039,75.4
2023,"100,390",Kiona-Benton City Middle School,All Students,Middle,619,812,76.2
2023,"101,473",Liberty Sr High School,All Students,High,3758,4440,84.6
2023,"102,765",Medical Lake Middle School,All Students,Middle,992,1187,83.6
2023,"102,012",Sadie Halstead Middle School,All Students,Middle,650,928,70.0
2023,"100,690",Castle Rock Middle School,All Students,Middle,710,1054,67.4
2023,"102,060",E B Walker High School,All Students,High,60,357,16.8
2023,"101,846",Toledo Middle School,All Students,Middle,461,553,83.4
2023,"102,629",High School Re Entry,All Students,High,24,43,55.8
2023,"100,642",Pleasant Valley Middle,All Students,Middle,1034,1285,80.5
2023,"100,486",Lincoln High School,All Students,High,143,213,67.1
2023,"100,934",Coupeville Middle School,All Students,Middle,471,642,73.4
2023,"100,658",Dayton Middle School,All Students,Middle,170,260,65.4
2023,"101,648",Northshore Middle School,All Students,Middle,2193,2658,82.5
2023,"103,281",Pace Alternative High School,All Students,High,63,253,24.9
2023,"100,373",Desert Hills Middle School,All Students,Middle,2294,2681,85.6
2023,"100,395",Finley Middle School,All Students,Middle,461,661,69.7
2023,"100,607",Legacy High School,All Students,High,679,1069,63.5
2023,"103,033",Columbia High School,All Students,High,425,671,63.3
2023,"100,608",Wyeast Middle School,All Students,Middle,1539,2486,61.9
2023,"103,211",East Valley Central Middle School,All Students,Middle,1759,2449,71.8
2023,"101,167",Washington Middle School,All Students,Middle,1429,1729,82.6
2023,"102,260",Gig Harbor High,All Students,High,3525,4336,81.3
2023,"101,729",Olympic High School,All Students,High,2122,3508,60.5
2023,"100,643",Prairie High School,All Students,High,3226,4541,71.0
2023,"102,160",Oakland High School,All Students,High,45,447,10.1
2023,"102,657",Granite Falls Middle School,All Students,Middle,1107,1470,75.3
2023,"102,859",Deer Park High School,All Students,High,1616,2132,75.8
2023,"101,597",Mattson Middle School,All Students,Middle,1472,1927,76.4
2023,"101,598",Kentwood High School,All Students,High,3530,5438,64.9
2023,"102,028",Steilacoom High,All Students,High,2259,2997,75.4
2023,"102,191",Lakeridge Middle School,All Students,Middle,1667,2258,73.8
2023,"102,459",Sequoia High School,All Students,High,197,558,35.3
2023,"102,477",North Lake Middle School,All Students,Middle,1929,2414,79.9
2023,"101,757",John Sedgwick Middle School,All Students,Middle,1557,2200,70.8
2023,"102,630",Valley View Middle School,All Students,Middle,1661,1997,83.2
2023,"101,556",Evergreen Middle School,All Students,Middle,1899,2178,87.2
2023,"100,942",South Whidbey High School,All Students,High,789,1219,64.7
2023,"102,261",Key Peninsula Middle School,All Students,Middle,988,1363,72.5
2023,"102,302",Spanaway Lake High School,All Students,High,2808,5001,56.1
2023,"100,609",Mountain View High School,All Students,High,2975,4941,60.2
2023,"101,557",Northstar Middle School,All Students,Middle,231,257,89.9
2023,"102,064",Ferrucci Jr High,All Students,High,1522,2380,63.9
2023,"102,804",Horizon Middle School,All Students,Middle,1177,1494,78.8
2023,"102,304",Cedarcrest Middle School,All Students,Middle,1538,2304,66.8
2023,"101,973",Tonasket Middle School,All Students,Middle,492,746,66.0
2023,"103,097",Lynden High School,All Students,High,2363,2839,83.2
2023,"102,640",Lakewood High School,All Students,High,1578,2513,62.8
2023,"102,911",Kettle Falls High School,All Students,High,551,718,76.7
2023,"100,583",Jemtegaard Middle School,All Students,Middle,940,1435,65.5
2023,"100,612",Pacific Middle School,All Students,Middle,2020,2831,71.4
2023,"101,236",Enumclaw Middle School,All Students,Middle,1163,1501,77.5
2023,"100,722",Bridgeport Middle School,All Students,Middle,577,583,99.0
2023,"100,752",Inchelium Middle School,All Students,Middle,102,153,66.7
2023,"102,263",Kopachuck Middle School,All Students,Middle,1199,1428,84.0
2023,"101,983",Ilwaco High School,All Students,High,521,903,57.7
2023,"101,958",Brewster Middle School,All Students,Middle,529,648,81.6
2023,"102,838",Liberty Jr High & Elementary,All Students,High,941,1141,82.5
2023,"102,866",Riverside High School,All Students,High,1212,1411,85.9
2023,"102,318",Eatonville Middle School,All Students,Middle,795,1261,63.0
2023,"102,497",Explorer Middle School,All Students,Middle,2058,2657,77.5
2023,"102,878",Wellpinit Middle School,All Students,Middle,114,244,46.7
2023,"101,945",Omak Middle School,All Students,Middle,742,1102,67.3
2023,"100,895",Elma Middle School,All Students,Middle,782,1107,70.6
2023,"102,498",ACES High School,All Students,High,102,505,20.2
2023,"101,732",Ridgetop Middle School,All Students,Middle,1744,2254,77.4
2023,"100,796",Wahluke High School,All Students,High,1540,2225,69.2
2023,"100,437",Chelan High School,All Students,High,1132,1335,84.8
2023,"100,955",Chimacum Middle School (Closed after 2018-2019 school year),All Students,Middle,,,
2023,"102,207",Orting Middle School,All Students,Middle,1454,1982,73.4
2023,"102,633",AIM High School,All Students,High,167,497,33.6
2023,"102,648",Sultan Senior High School,All Students,High,1011,1684,60.0
2023,"101,947",Highlands (Closed after 2022-2023 school year),All Students,High,30,71,42.3
2023,"102,567",Weston High School,All Students,High,152,397,38.3
2023,"101,918",Choice Middle and High School,All Students,Middle,451,714,63.2
2023,"100,422",Rivers Edge High School,All Students,High,515,772,66.7
2023,"101,861",Chehalis Middle School,All Students,Middle,1365,1957,69.7
2023,"102,939",South Sound High School (Closed after 2019-2020 school year),All Students,High,36,95,37.9
2023,"101,409",Tolt Middle School,All Students,Middle,1725,2076,83.1
2023,"102,996",Rochester High School,All Students,High,1218,1816,67.1
2023,"102,756",Lakeside High School,All Students,High,1241,1481,83.8
2023,"102,463",Heatherwood Middle School,All Students,Middle,2448,3045,80.4
2023,"101,850",Onalaska Middle School,All Students,Middle,463,613,75.5
2023,"101,710",Kingston Middle School,All Students,Middle,1080,1534,70.4
2023,"101,919",Oakland Bay Junior High School,All Students,Middle,1131,1838,61.5
2023,"101,840",Winlock Middle School,All Students,Middle,407,544,74.8
2023,"101,656",Skyview Middle School,All Students,Middle,2945,3448,85.4
2023,"101,429",Rainier Middle School,All Students,Middle,2045,2995,68.3
2023,"101,562",Inglewood Middle School,All Students,Middle,3257,3731,87.3
2023,"102,265",Harbor Ridge Middle School,All Students,Middle,1484,1798,82.5
2023,"102,636",Centennial Middle School,All Students,Middle,1793,2315,77.5
2023,"101,452",Chief Kanim Middle School,All Students,Middle,1444,1766,81.8
2023,"100,450",Icicle River Middle School,All Students,Middle,609,856,71.1
2023,"100,558",Alki Middle School,All Students,Middle,1540,1969,78.2
2023,"102,310",Frontier Middle School,All Students,Middle,1556,2213,70.3
2023,"102,942",Komachin Middle School,All Students,Middle,1501,2118,70.9
2023,"102,202",North Tapps Middle School,All Students,Middle,1296,1589,81.6
2023,"102,504",Voyager Middle School,All Students,Middle,2112,2703,78.1
2023,"102,943",River Ridge High School,All Students,High,2785,4405,63.2
2023,"100,382",Horse Heaven Hills Middle School,All Students,Middle,2015,2560,78.7
2023,"102,505",Harbour Pointe Middle School,All Students,Middle,2182,2553,85.5
2023,"100,572",La Center High School,All Students,High,1136,1581,71.9
2023,"100,470",Foothills Middle School,All Students,Middle,1272,1778,71.5
2023,"102,506",Kamiak High School,All Students,High,5274,6491,81.3
2023,"102,465",Gateway Middle School,All Students,Middle,2532,2861,88.5
2023,"102,466",Henry M. Jackson High School,All Students,High,4996,6626,75.4
2023,"101,565",Eastlake High School,All Students,High,5531,6852,80.7
2023,"101,610",Cedar Heights Middle School,All Students,Middle,1347,1917,70.3
2023,"101,683",Mountain View Middle School,All Students,Middle,1580,2560,61.7
2023,"103,072",Kulshan Middle School,All Students,Middle,1337,1887,70.9
2023,"102,069",Doris Stahl Junior High,All Students,Middle,1750,2675,65.4
2023,"100,648",Summit View High School,All Students,High,938,1018,92.1
2023,"102,957",George Bush Middle School,All Students,Middle,1804,2276,79.3
2023,"102,747",Chase Middle School,All Students,Middle,1629,2207,73.8
2023,"101,477",Beaver Lake Middle School,All Students,Middle,2247,2479,90.6
2023,"101,431",Mt Baker Middle School,All Students,Middle,2080,2943,70.7
2023,"102,982",Thurgood Marshall Middle School,All Students,Middle,1115,1296,86.0
2023,"101,432",Auburn Riverside High School,All Students,High,3471,5584,62.2
2023,"100,967",Blue Heron Middle School,All Students,Middle,438,792,55.3
2023,"103,272",Zillah Middle School,All Students,Middle,654,843,77.6
2023,"100,384",Southridge High School,All Students,High,3967,5168,76.8
2023,"101,613",Northwood Middle School,All Students,Middle,1406,1727,81.4
2023,"102,782",Mt Spokane High School,All Students,High,3720,4715,78.9
2023,"101,615",Kentlake High School,All Students,High,2768,4466,62.0
2023,"101,479",Skyline High School,All Students,High,5861,6640,88.3
2023,"100,616",Frontier Middle School,All Students,Middle,1704,2413,70.6
2023,"102,958",A G West Black Hills High School,All Students,High,1962,2548,77.0
2023,"102,197",Mountain View Middle School,All Students,Middle,1888,2579,73.2
2023,"100,560",Discovery Middle School,All Students,Middle,1041,1794,58.0
2023,"100,561",Skyview High School,All Students,High,3818,5237,72.9
2023,"101,695",Woodward Middle School,All Students,Middle,1252,1493,83.9
2023,"103,295",West Valley Middle School (Closed after 2020-2021 school year),All Students,Middle,697,862,80.9
2023,"100,627",Skyridge Middle School,All Students,Middle,1910,2230,85.7
2023,"102,415",Mount Baker Middle School,All Students,Middle,1365,2014,67.8
2023,"102,667",Port Susan Middle School,All Students,Middle,1133,1544,73.4
2023,"103,073",Squalicum High School,All Students,High,2555,3802,67.2
2023,"101,660",Timbercrest Middle School,All Students,Middle,1881,2169,86.7
2023,"100,499",Sequim Middle School,All Students,Middle,1227,1752,70.0
2023,"102,757",Lakeside Middle School,All Students,Middle,813,1001,81.2
2023,"100,618",Heritage High School,All Students,High,2610,5083,51.3
2023,"102,614",Monroe High School,All Students,High,2910,4698,61.9
2023,"102,482",Highland Elementary,All Students,High,1356,1788,75.8
2023,"102,071",Emerald Ridge High School,All Students,High,2850,4390,64.9
2023,"102,615",Hidden River Middle School,All Students,Middle,819,1073,76.3
2023,"100,584",Canyon Creek Middle School,All Students,Middle,513,702,73.1
2023,"101,238",Thunder Mountain Middle School,All Students,Middle,1171,1444,81.1
2023,"103,087",Horizon Middle School,All Students,Middle,959,1400,68.5
2023,"102,345",Orcas Island Middle School,All Students,Middle,242,330,73.3
2023,"103,260",Highland High School,All Students,High,838,1092,76.7
2023,"100,620",Shahala Middle School,All Students,Middle,2109,2818,74.8
2023,"100,775",Ellen Ochoa Middle School,All Students,Middle,2161,2636,82.0
2023,"100,629",Camas High School,All Students,High,5016,6104,82.2
2023,"100,567",Hockinson High School,All Students,High,1454,2027,71.7
2023,"102,329",White River High School,All Students,High,2683,3719,72.1
2023,"101,226",Todd Beamer High School,All Students,High,2284,4205,54.3
2023,"104,139",Mt. Solo Middle School,All Students,Middle,916,1280,71.6
2023,"103,836",Angelo Giaudrone Middle School,All Students,Middle,914,1658,55.1
2023,"103,864",Cougar Mountain Middle School,All Students,Middle,1155,1884,61.3
2023,"103,859",Columbia Junior High School,All Students,Middle,1331,1760,75.6
2023,"104,138",Bonney Lake High School,All Students,High,3103,4676,66.4
2023,"103,835",Olympic Middle School,All Students,Middle,1051,1704,61.7
2023,"103,919",Thomas Jefferson Middle School,All Students,Middle,1739,2405,72.3
2023,"103,957",Freeman Middle School,All Students,Middle,581,680,85.4
2023,"104,002",Haller Middle School,All Students,Middle,1266,1828,69.3
2023,"104,031",Mill Creek Middle School,All Students,Middle,1616,2538,63.7
2023,"104,146",Sequoyah Middle School,All Students,Middle,1103,1722,64.1
2023,"104,149",Taholah Elementary & Middle School,All Students,Middle,115,310,37.1
2023,"104,150",Graham Kapowsin High School,All Students,High,3436,5938,57.9
2023,"104,154",Auburn Mountainview High School,All Students,High,2881,4862,59.3
2023,"104,156",Park Place Middle School,All Students,Middle,1803,2378,75.8
2023,"104,201",Sierra Vista Middle School,All Students,Middle,1559,2078,75.0
2023,"104,204",Ridgeline Middle School,All Students,Middle,1426,1862,76.6
2023,"104,207",Liberty Middle School,All Students,Middle,1800,2189,82.2
2023,"104,342",Kingston High School,All Students,High,1265,1894,66.8
2023,"104,348",Daybreak Middle,All Students,Middle,1038,1414,73.4
2023,"104,420",Cavelero Mid High School,All Students,High,3350,4524,74.0
2023,"104,471",Hayes Freedom High School,All Students,High,259,458,56.6
2023,"104,484",Phoenix High School,All Students,High,83,177,46.9
2023,"104,613",Union High School,All Students,High,3938,6123,64.3
2023,"104,722",Glacier Peak High School,All Students,High,3991,5053,79.0
2023,"104,732",Tukes Valley Middle School,All Students,Middle,1046,1476,70.9
2023,"104,740",Chief Umtuch Middle,All Students,Middle,1304,1698,76.8
2023,"104,746",Twin Falls Middle School,All Students,Middle,1360,1662,81.8
2023,"104,768",Glacier View Junior High,All Students,Middle,1701,2575,66.1
2023,"104,777",Wahluke Junior High,All Students,Middle,1434,1791,80.1
2023,"104,881",Career Academy at Truman High School,All Students,High,36,274,13.1
2023,"104,883",Chiawana Senior High School,All Students,High,7356,9286,79.2
2023,"104,893",Aspire Middle School,All Students,Middle,753,920,81.8
2023,"104,896",First Creek Middle School,All Students,Middle,1128,1977,57.1
2023,"104,897",Crossroads High School,All Students,High,200,554,36.1
2023,"104,924",Puget Sound High School,All Students,High,59,139,42.4
2023,"104,953",Cap Sante High School,All Students,High,120,223,53.8
2023,"105,133",Pacific Cascade Middle School,All Students,Middle,2213,2414,91.7
2023,"105,208",Liberty Middle School,All Students,Middle,1646,2636,62.4
2023,"105,222",Marysville Pilchuck High School,All Students,High,2070,3493,59.3
2023,"105,231",West Valley High School Freshman Campus (Closed after 2018-2019 school year),All Students,High,,,
2023,"105,266",Paideia High School,All Students,High,112,191,58.6
2023,"105,269",Selkirk Middle School,All Students,Middle,163,193,84.5
2023,"105,270",Selkirk High School,All Students,High,174,224,77.7
2023,"105,470",Nikola Tesla STEM High School,All Students,High,1576,1810,87.1
2023,"105,485",Westwood Middle School,All Students,Middle,1258,1767,71.2
2023,"105,524",Talley High School,All Students,High,959,1304,73.5
2023,"105,530",Manson Middle School,All Students,Middle,363,465,78.1
2023,"105,533",Mabton Jr. Sr. High,All Students,High,789,1133,69.6
2023,"105,541",Lind-Ritzville Middle School,All Students,Middle,99,144,68.8
2023,"105,556",Lind Ritzville Middle School,All Students,Middle,192,281,68.3
2023,"105,625",Henrietta Lacks Health and Bioscience High School,All Students,High,1018,1625,62.6
2023,"105,627",Discovery High School,All Students,High,118,311,37.9
2023,"105,772",East Valley Middle School,All Students,Middle,894,1357,65.9
2023,"105,777",Jane Addams Middle School,All Students,Middle,2401,2855,84.1
2023,"105,780",Endeavor Middle School,All Students,Middle,501,832,60.2
2023,"105,786",Futurus High School,All Students,High,121,146,82.9
2023,"105,789",College Place High School,All Students,High,850,1477,57.5
2023,"105,795",Desert Oasis High School,All Students,High,156,349,44.7
2023,"105,878",Destiny Charter Middle School (Closed after 2018-2019 school year),All Students,Middle,,,
2023,"105,890",Selah Middle School,All Students,Middle,1877,2600,72.2
2023,"105,913",Woodland Middle School,All Students,Middle,1697,2070,82.0
2023,"105,988",Gibson Ek High School,All Students,High,383,530,72.3
2023,"105,990",Chinook Middle School,All Students,Middle,2278,2750,82.8
2023,"106,003",Salish Middle School,All Students,Middle,1648,2279,72.3
2023,"106,012",Wellpinit Open Doors High School,All Students,High,171,183,93.4
2023,"106,061",Marysville Getchell High School,All Students,High,2952,4478,65.9
2023,"106,064",North Creek High School,All Students,High,4346,5240,82.9
2023,"106,067",Vera Risdon Middle School,All Students,Middle,2021,2527,80.0
2023,"106,068",Edmonds S. Meany Middle School,All Students,Middle,1111,1551,71.6
2023,"106,069",Robert Eagle Staff Middle School,All Students,Middle,1834,2203,83.3
2023,"106,076",Leona Libby Middle School,All Students,Middle,1859,2348,79.2
2023,"106,146",Hood Canal Middle School (Closed after 2019-2020 school year),All Students,Middle,72,102,70.6
2023,"106,164",Discovery High School,All Students,High,446,567,78.7
2023,"106,165",Odyssey Middle School,All Students,Middle,698,818,85.3
2023,"106,176",Kalama High School,All Students,High,772,1014,76.1
2023,"106,200",Glacier Middle School,All Students,Middle,1771,2687,65.9
2023,"106,201",Selkirk Middle School,All Students,Middle,1305,1591,82.0
2023,"106,215",Lincoln High School,All Students,High,3081,3635,84.8
2023,"106,220",Highland Middle School,All Students,Middle,1145,1509,75.9
2023,"106,235",Tonasket Choice High School,All Students,High,25,60,41.7
2023,"106,247",Timberline Middle School,All Students,Middle,2014,2318,86.9
2023,"106,387",Innovation Lab High School,All Students,High,338,420,80.5
2023,"106,391",Lumen High School,All Students,High,22,79,27.8
2023,"106,403",Cedar High School,All Students,High,58,169,34.3
2023,"106,404",Highline Public Schools Virtual Academy,All Students,High,836,963,86.8
2023,"106,406",Ray Reynolds Middle School,All Students,Middle,1988,2542,78.2
2023,"106,409",Bryant Montessori Middle School,All Students,Middle,92,239,38.5
2023,"106,427",Spokane Valley High School,All Students,High,493,557,88.5
2023,"106,690",Ridgeline High School,All Students,High,1501,2341,64.1
2023,"106,745",Maritime High School,All Students,High,97,121,80.2
2023,"106,747",Cougar Mountain Middle School,All Students,Middle,1070,1290,82.9
2023,"106,761",Prescott Middle School,All Students,Middle,70,100,70.0
2023,"106,766",Pauline Flett Middle School,All Students,Middle,244,384,63.5
2023,"106,768",Denny Yasuhara Middle School,All Students,Middle,236,404,58.4
2023,"106,769",Hunt Middle School,All Students,Middle,380,634,59.9
2023,"106,775",Sterling Junior High School,All Students,Middle,791,1478,53.5
2023,"106,789",Intergenerational High School,All Students,High,45,128,35.2
2023,"106,916",Endeavor High School,All Students,High,70,226,31.0
2023,"106,920",Marysville Online High School,All Students,High,70,84,83.3
2023,"104,341",Northwest Career and Technical High School,All Students,High,,,
2024,103245,Computer Academy Toppenish High School,All Students,High,714,859,83.1
2024,102285,Challenger High School,All Students,High,273,1064,25.7
2024,102248,Henderson Bay Alt High School,All Students,High,114,402,28.4
2024,102374,State Street High School,All Students,High,346,631,54.8
2024,100973,Middle College High School,All Students,Middle,244,294,83.0
2024,100455,Westside High School,All Students,High,462,920,50.2
2024,102840,Dishman Hills High School,All Students,High,602,1000,60.2
2024,100892,East Grays Harbor High School,All Students,High,70,73,95.9
2024,103042,Options High School,All Students,High,179,652,27.5
2024,101927,James A. Taylor High School,All Students,High,101,198,51.0
2024,102661,Lincoln Hill High School,All Students,High,271,484,56.0
2024,102945,Cascadia High School,All Students,High,251,377,66.6
2024,102991,H.e.a.r.t. High School,All Students,High,49,155,31.6
2024,101663,Renaissance Alternative High School,All Students,High,121,344,35.2
2024,100777,Palouse Junction High School,All Students,High,109,129,84.5
2024,102960,Avanti High School,All Students,High,363,537,67.6
2024,102810,Three Springs High School,All Students,High,226,367,61.6
2024,102768,Mead Alternative High School (Closed after 2018-2019 school year),All Students,High,,,
2024,102843,Spokane Valley High School (Closed after 2019-2020 school year),All Students,High,,,
2024,100358,Legacy High School,All Students,High,879,1264,69.5
2024,103839,Legacy High School,All Students,High,297,743,40.0
2024,103827,Loowit High School,All Students,High,16,30,53.3
2024,103831,Eagle Harbor High School,All Students,High,187,315,59.4
2024,103916,Palouse at Garfield Middle School,All Students,Middle,76,107,71.0
2024,103918,Garfield at Palouse High School,All Students,High,78,106,73.6
2024,103977,Swiftwater Alternative High School,All Students,High,30,72,41.7
2024,100745,Curlew Elem & High School,All Students,High,402,696,57.8
2024,101941,Omak High School,All Students,High,744,1350,55.1
2024,103050,Fairhaven Middle School,All Students,Middle,1128,1825,61.8
2024,103052,Whatcom Middle School,All Students,Middle,1299,1920,67.7
2024,102101,Stadium High School,All Students,High,2916,4834,60.3
2024,103126,Lacrosse High School,All Students,High,49,134,36.6
2024,102645,Sultan Middle School,All Students,Middle,1016,1327,76.6
2024,102690,North Central High School,All Students,High,3231,4927,65.6
2024,103175,Davis High School,All Students,High,3910,7053,55.4
2024,101446,Snoqualmie Middle School,All Students,Middle,1248,1522,82.0
2024,102038,Puyallup High School,All Students,High,3217,5099,63.1
2024,102437,Everett High School,All Students,High,2604,4878,53.4
2024,103276,Wapato Middle School,All Students,Middle,1451,2238,64.8
2024,100340,Ritzville High School,All Students,High,252,348,72.4
2024,100459,Wenatchee High School,All Students,High,2952,6075,48.6
2024,100893,Elma High School,All Students,High,970,1538,63.1
2024,101906,Grapeview Elementary & Middle School,All Students,Middle,492,706,69.7
2024,101965,Liberty Bell Jr Sr High,All Students,High,622,1024,60.7
2024,102377,Sedro Woolley Senior High School,All Students,High,2481,3793,65.4
2024,102985,Rainier Middle School,All Students,Middle,527,683,77.2
2024,103029,Touchet Elem & High School,All Students,High,458,676,67.8
2024,100741,Waterville High School,All Students,High,287,389,73.8
2024,101868,Centralia High School,All Students,High,1873,2944,63.6
2024,102700,Lewis & Clark High School,All Students,High,4222,5323,79.3
2024,103035,Preston Hall Middle School,All Students,Middle,117,212,55.2
2024,100521,Fort Vancouver High School,All Students,High,1867,4515,41.4
2024,100888,Montesano Jr-Sr High,All Students,High,1640,2126,77.1
2024,101062,Franklin High School,All Students,High,2398,3850,62.3
2024,101878,Sprague High School,All Students,High,48,94,51.1
2024,100780,Robert L Olds Junior High School,All Students,Middle,593,973,60.9
2024,102315,Eatonville High School,All Students,High,1070,1790,59.8
2024,103154,Endicott/St John Elem and Middle,All Students,Middle,170,254,66.9
2024,101993,South Bend High School,All Students,High,520,770,67.5
2024,102112,Lincoln High School,All Students,High,2043,4808,42.5
2024,103095,Lynden Middle School,All Students,Middle,1600,2016,79.4
2024,101071,Ballard High School,All Students,High,3733,4948,75.4
2024,100738,Mansfield Elem and High School,All Students,High,225,298,75.5
2024,101072,West Seattle High School,All Students,High,2921,3988,73.2
2024,102024,Pioneer Middle,All Students,Middle,1879,2245,83.7
2024,103267,Zillah High School,All Students,High,885,1331,66.5
2024,100790,Pomeroy Jr Sr High School,All Students,High,184,430,42.8
2024,101949,Okanogan Middle School,All Students,Middle,460,725,63.4
2024,101950,Okanogan High School,All Students,High,484,913,53.0
2024,103249,Toppenish Middle School,All Students,Middle,2005,2550,78.6
2024,100703,Kelso High School,All Students,High,2554,4250,60.1
2024,100759,Mcloughlin Middle School,All Students,Middle,2394,3344,71.6
2024,101077,Highland Park Elementary School,All Students,High,558,851,65.6
2024,101743,South Kitsap High School,All Students,High,4692,7179,65.4
2024,101820,Napavine Jr Sr High School,All Students,High,932,1273,73.2
2024,102399,La Conner High School,All Students,High,223,570,39.1
2024,100687,Castle Rock High School,All Students,High,877,1306,67.2
2024,100913,Oakville High School,All Students,High,254,454,55.9
2024,101079,Roosevelt High School,All Students,High,3588,4682,76.6
2024,102250,Goodman Middle School,All Students,Middle,1095,1418,77.2
2024,102405,Mount Vernon High School,All Students,High,3156,5831,54.1
2024,100345,Charles Francis Adams High School,All Students,High,882,2139,41.2
2024,100656,Dayton High School,All Students,High,155,317,48.9
2024,100860,Miller Junior High,All Students,Middle,1394,2151,64.8
2024,101080,Garfield High School,All Students,High,3349,5003,66.9
2024,101523,Kirkland Middle School,All Students,Middle,1454,1812,80.2
2024,103179,Washington Middle School,All Students,Middle,1398,2317,60.3
2024,100439,CASHMERE MIDDLE SCHOOL,All Students,Middle,1360,1508,90.2
2024,100434,Chelan Middle School,All Students,Middle,697,929,75.0
2024,101256,Highline High School,All Students,High,2133,3999,53.3
2024,101785,Cle Elum Roslyn High School,All Students,High,543,787,69.0
2024,101811,Columbia High School,All Students,High,685,1067,64.2
2024,101848,Onalaska High School,All Students,High,547,804,68.0
2024,102120,Hilltop Heritage Middle School,All Students,Middle,925,1648,56.1
2024,103117,Mount Baker Senior High,All Students,High,932,1536,60.7
2024,103208,East Valley High School,All Students,High,2197,3137,70.0
2024,100512,Forks High School,All Students,High,545,866,62.9
2024,101989,Raymond Jr Sr High School,All Students,High,492,795,61.9
2024,102122,Stewart Middle School,All Students,Middle,1097,1942,56.5
2024,102366,Burlington Edison High School,All Students,High,1566,3321,47.2
2024,102439,North Middle School,All Students,Middle,1294,2131,60.7
2024,100393,River View High School,All Students,High,624,934,66.8
2024,101086,Hamilton International Middle School,All Students,Middle,2509,2790,89.9
2024,102123,Mason Middle School,All Students,Middle,1499,1986,75.5
2024,102124,Gray Middle School,All Students,Middle,927,1629,56.9
2024,103036,Waitsburg High School,All Students,High,112,241,46.5
2024,103215,Selah High School,All Students,High,2262,3370,67.1
2024,103297,Mount Adams Middle School,All Students,Middle,247,414,59.7
2024,100650,Ridgefield High School,All Students,High,2261,3414,66.2
2024,100875,Hoquiam Middle School,All Students,Middle,695,1091,63.7
2024,101089,Cleveland High School STEM,All Students,High,1968,2723,72.3
2024,101414,Cascade Middle School,All Students,Middle,1688,2748,61.4
2024,101690,Bainbridge High School,All Students,High,2608,3687,70.7
2024,101961,Pateros High School,All Students,High,287,403,71.2
2024,102662,Stanwood Middle School,All Students,Middle,959,1455,65.9
2024,102770,Mead Senior High School,All Students,High,3859,5436,71.0
2024,102872,Jenkins Junior/Senior High,All Students,Middle,573,953,60.1
2024,103181,Franklin Middle School,All Students,Middle,1561,2620,59.6
2024,100634,Battle Ground High School,All Students,High,3465,4957,69.9
2024,100667,R A Long High School,All Students,High,1620,2683,60.4
2024,101186,Federal Way High School,All Students,High,2683,4980,53.9
2024,101309,Vashon Island High School,All Students,High,1072,1556,68.9
2024,102015,Cusick Jr Sr High School,All Students,High,224,433,51.7
2024,102218,Clover Park High School,All Students,High,1724,3902,44.2
2024,102472,Lake Stevens Sr High School,All Students,High,4254,6471,65.7
2024,102623,Snohomish High School,All Students,High,3293,4586,71.8
2024,103163,Oakesdale High School,All Students,High,142,226,62.8
2024,100353,Asotin Jr Sr High,All Students,High,660,945,69.8
2024,101091,Madison Middle School,All Students,Middle,2390,3023,79.1
2024,101835,Adna Middle/High School,All Students,Middle,844,1157,72.9
2024,101891,Odessa High School,All Students,High,248,330,75.2
2024,102812,Cheney Middle School,All Students,Middle,1222,1906,64.1
2024,101771,Morgan Middle School,All Students,Middle,1880,2315,81.2
2024,103110,Nooksack Valley High School,All Students,High,949,1474,64.4
2024,102391,Anacortes High School,All Students,High,1927,2286,84.3
2024,102986,Rainier Senior High School,All Students,High,596,767,77.7
2024,100495,Sequim Senior High,All Students,High,1573,2375,66.2
2024,100850,Wilson Creek High,All Students,High,123,178,69.1
2024,100949,Quilcene High And Elementary,All Students,High,397,632,62.8
2024,101326,Renton Senior High School,All Students,High,1914,3733,51.3
2024,101703,Poulsbo Middle School,All Students,Middle,1601,2070,77.3
2024,101881,Reardan Middle-Senior High School,All Students,Middle,691,999,69.2
2024,102709,Rogers High School,All Students,High,2641,4720,56.0
2024,102915,Yelm Middle School,All Students,Middle,1417,2103,67.4
2024,103078,Ferndale High School,All Students,High,2550,3947,64.6
2024,103134,Pullman High School,All Students,High,1750,2639,66.3
2024,100346,Lincoln Middle School,All Students,Middle,638,998,63.9
2024,100962,Port Townsend High School,All Students,High,592,1099,53.9
2024,100399,Prosser High School,All Students,High,1841,2654,69.4
2024,100801,Quincy Middle School,All Students,Middle,1506,2277,66.1
2024,100940,South Whidbey Middle,All Students,Middle,501,693,72.3
2024,101350,Skykomish High School,All Students,High,21,35,60.0
2024,101766,Thorp Elem & Jr Sr High,All Students,High,428,741,57.8
2024,102010,Newport High School,All Students,High,576,862,66.8
2024,102563,Arlington High School,All Students,High,3377,4974,67.9
2024,103263,Granger Middle School,All Students,Middle,822,1351,60.8
2024,103299,White Swan High School,All Students,High,382,826,46.2
2024,102003,Willapa Valley Middle-High,All Students,Middle,447,545,82.0
2024,102877,Wellpinit High School,All Students,High,97,274,35.4
2024,103061,Bellingham High School,All Students,High,2190,3632,60.3
2024,103102,Meridian High School,All Students,High,1010,1514,66.7
2024,103231,Grandview High School,All Students,High,1898,3395,55.9
2024,100682,Toutle Lake High School,All Students,High,485,707,68.6
2024,100692,Kalama Middle School,All Students,Middle,536,742,72.2
2024,101397,Showalter Middle School,All Students,Middle,1188,1841,64.5
2024,101786,Walter Strom Middle School,All Students,Middle,473,706,67.0
2024,102046,Edgemont Jr High,All Students,High,1056,1589,66.5
2024,102655,Granite Falls High School,All Students,High,1159,1650,70.2
2024,102663,Stanwood High School,All Students,High,2761,3992,69.2
2024,103169,Naches Valley High School,All Students,High,847,1217,69.6
2024,100750,Inchelium High School,All Students,High,128,195,65.6
2024,101789,Wishram High And Elementary Schl,All Students,High,107,243,44.0
2024,100513,Forks Middle School,All Students,Middle,536,823,65.1
2024,101717,Central Kitsap High School,All Students,High,3475,4915,70.7
2024,101844,Toledo High School,All Students,High,526,686,76.7
2024,100426,Manson High School,All Students,High,457,673,67.9
2024,100932,Coupeville High School,All Students,High,567,848,66.9
2024,102347,Lopez Middle High School,All Students,Middle,234,395,59.2
2024,102916,Yelm High School 12,All Students,High,2986,4907,60.9
2024,103145,Palouse High School,All Students,High,114,155,73.5
2024,101328,Highlands Elementary School,All Students,High,858,1361,63.0
2024,100718,Orondo Elementary and Middle School,All Students,Middle,241,368,65.5
2024,100635,Amboy Middle School,All Students,Middle,1077,1609,66.9
2024,100826,Frontier Middle School,All Students,Middle,1502,2251,66.7
2024,101971,Tonasket High School,All Students,High,639,994,64.3
2024,102251,Peninsula High School,All Students,High,3050,4247,71.8
2024,103112,Nooksack Valley Middle School,All Students,Middle,939,1333,70.4
2024,101357,Bellevue High School,All Students,High,3974,4753,83.6
2024,101416,West Auburn Senior High School (Closed after 2022-2023 school year),All Students,High,168,465,36.1
2024,101976,Oroville Middle-High School,All Students,Middle,434,736,59.0
2024,102392,Anacortes Middle School,All Students,Middle,1524,1784,85.4
2024,103257,Highland Middle School,All Students,Middle,523,647,80.8
2024,100411,Carmichael Middle School,All Students,Middle,1667,2486,67.1
2024,100592,Evergreen High School,All Students,High,2126,4657,45.7
2024,100727,Eastmont Senior High,All Students,High,2578,4456,57.9
2024,100880,North Beach Senior High School,All Students,High,346,596,58.1
2024,101101,Eckstein Middle School,All Students,Middle,2666,3180,83.8
2024,101524,Lake Washington High School,All Students,High,4335,6039,71.8
2024,102343,Orcas Island High School,All Students,High,266,454,58.6
2024,101780,Kittitas High School,All Students,High,649,1004,64.6
2024,102332,Fife High School,All Students,High,1860,2647,70.3
2024,102786,North Pines Middle School,All Students,Middle,927,1581,58.6
2024,103017,Pioneer Middle School,All Students,Middle,1205,1795,67.1
2024,100412,Chief Joseph Middle School,All Students,Middle,1310,2112,62.0
2024,100721,Bridgeport High School,All Students,High,506,672,75.3
2024,101417,Auburn Senior High School,All Students,High,2921,5637,51.8
2024,101574,Kent-Meridian High School,All Students,High,2793,6023,46.4
2024,101859,W F West High School,All Students,High,2011,2915,69.0
2024,101956,Brewster High School,All Students,High,788,932,84.5
2024,100855,Lake Roosevelt Jr/Sr High School,All Students,High,415,1058,39.2
2024,102293,Bethel High School,All Students,High,2760,5146,53.6
2024,102361,Concrete High School,All Students,High,354,634,55.8
2024,102580,Totem Middle School,All Students,Middle,789,1722,45.8
2024,100363,Kennewick High School,All Students,High,3578,5507,65.0
2024,100670,Monticello Middle School,All Students,Middle,953,1510,63.1
2024,101107,David T. Denny International Middle School,All Students,Middle,1683,2430,69.3
2024,101398,Foster Senior High School,All Students,High,1454,2703,53.8
2024,101435,Tahoma Senior High School,All Students,High,6095,8449,72.1
2024,101450,Mount Si High School,All Students,High,4771,6327,75.4
2024,101808,Goldendale High School,All Students,High,558,940,59.4
2024,101865,White Pass Jr. Sr. High School,All Students,High,360,494,72.9
2024,101889,Creston Jr-Sr High School,All Students,High,100,152,65.8
2024,101924,Pioneer Middle School,All Students,Middle,398,727,54.7
2024,102271,Franklin Pierce High School,All Students,High,2129,3496,60.9
2024,102352,Friday Harbor High School,All Students,High,415,750,55.3
2024,102760,Medical Lake High School,All Students,High,1140,1575,72.4
2024,103003,Julius A Wendt Elementary/John C Thomas Middle School,All Students,Middle,653,850,76.8
2024,103148,Garfield Middle School,All Students,Middle,63,96,65.6
2024,103171,Naches Valley Middle School,All Students,Middle,756,1210,62.5
2024,103252,Toppenish High School,All Students,High,2149,2923,73.5
2024,100337,Lind-Ritzville High School,All Students,High,72,145,49.7
2024,100389,Kiona-Benton City High School,All Students,High,833,1344,62.0
2024,100401,Housel Middle School,All Students,Middle,1251,1760,71.1
2024,100480,Port Angeles High School,All Students,High,1855,2943,63.0
2024,100709,Huntington Middle School,All Students,Middle,1059,1694,62.5
2024,100762,Pasco Senior High School,All Students,High,5401,7609,71.0
2024,100841,Ephrata High School,All Students,High,1836,2695,68.1
2024,101271,Sylvester Middle School,All Students,Middle,1266,1864,67.9
2024,102206,Orting High School,All Students,High,1625,2706,60.1
2024,102907,Northport High School,All Students,High,87,149,58.4
2024,103240,Sunnyside High School,All Students,High,4220,6589,64.0
2024,100814,Almira Coulee Hartline High School,All Students,High,203,283,71.7
2024,100921,Oak Harbor High School,All Students,High,3366,4737,71.1
2024,101774,Ellensburg High School,All Students,High,1908,2887,66.1
2024,103121,Mount Baker Junior High,All Students,Middle,499,811,61.5
2024,102925,North Thurston High School,All Students,High,2794,4376,63.8
2024,102353,Friday Harbor Middle School,All Students,Middle,333,522,63.8
2024,103031,Columbia Middle School,All Students,Middle,403,579,69.6
2024,100333,Othello High School,All Students,High,2769,3926,70.5
2024,100832,Columbia Middle School,All Students,Middle,1906,2646,72.0
2024,100910,Ocosta Junior - Senior High,All Students,Middle,541,781,69.3
2024,101243,Mercer Island High School,All Students,High,3832,4582,83.6
2024,101333,McKnight Middle School,All Students,Middle,1869,2656,70.4
2024,101461,Issaquah Middle School,All Students,Middle,1772,2420,73.2
2024,101748,Marcus Whitman Middle School,All Students,Middle,1219,2014,60.5
2024,102048,Kalles Junior High,All Students,Middle,1557,2500,62.3
2024,102141,Baker Middle School,All Students,Middle,1179,2104,56.0
2024,102790,Central Valley High School,All Students,High,2569,4292,59.9
2024,102994,Rochester Middle School,All Students,Middle,964,1488,64.8
2024,103160,St John/Endicott High,All Students,High,59,194,30.4
2024,103234,Grandview Middle School,All Students,Middle,1964,2606,75.4
2024,103289,West Valley High School,All Students,High,3142,4615,68.1
2024,100326,Washtucna Elementary/High School,All Students,High,169,225,75.1
2024,100538,Hudson's Bay High School,All Students,High,1713,3458,49.5
2024,100804,Quincy High School,All Students,High,1668,2692,62.0
2024,100818,Soap Lake Middle & High School,All Students,Middle,428,848,50.5
2024,101117,Mercer International Middle School,All Students,Middle,2081,2618,79.5
2024,101118,Chief Sealth International High School,All Students,High,2144,3701,57.9
2024,101281,Chinook Middle School,All Students,Middle,1215,1897,64.0
2024,101282,Evergreen High School,All Students,High,1513,3271,46.3
2024,101629,Bothell High School,All Students,High,3955,5352,73.9
2024,101674,Bremerton High School,All Students,High,2141,3821,56.0
2024,101816,Lyle High School,All Students,High,102,214,47.7
2024,101832,Morton Junior-Senior High,All Students,Middle,444,588,75.5
2024,101898,Harrington High School,All Students,High,56,128,43.8
2024,102426,Stevenson High School,All Students,High,464,800,58.0
2024,102489,Olympic View Middle School,All Students,Middle,2128,2669,79.7
2024,102523,Edmonds Woodway High School,All Students,High,3030,4710,64.3
2024,102565,Post Middle School,All Students,Middle,1277,1959,65.2
2024,102969,Olympia High School,All Students,High,4220,5482,77.0
2024,102970,Jefferson Middle School,All Students,Middle,1109,1325,83.7
2024,103090,Blaine High School,All Students,High,1112,1815,61.3
2024,103128,Lamont Middle School,All Students,Middle,48,91,52.7
2024,103280,Wapato High School,All Students,High,1404,2625,53.5
2024,100505,Neah Bay Junior/ Senior High School,All Students,Middle,314,584,53.8
2024,100539,Mcloughlin Middle School,All Students,Middle,1485,2795,53.1
2024,100581,Washougal High School,All Students,High,1822,3052,59.7
2024,100673,Mark Morris High School,All Students,High,1603,2718,59.0
2024,101283,Cascade Middle School,All Students,Middle,1195,2111,56.6
2024,101362,Highland Middle School,All Students,Middle,1485,1923,77.2
2024,101419,Olympic Middle School,All Students,Middle,1495,2833,52.8
2024,101902,Davenport Senior High School,All Students,High,591,915,64.6
2024,101930,Hawkins Middle School,All Students,Middle,804,1418,56.7
2024,101931,North Mason Senior High School,All Students,High,1753,2074,84.5
2024,102175,Curtis Junior High,All Students,Middle,2149,2711,79.3
2024,102382,Cascade Middle School,All Students,Middle,1349,2091,64.5
2024,102651,Darrington High School,All Students,High,233,369,63.1
2024,102720,Shadle Park High School,All Students,High,2588,4055,63.8
2024,102772,Mountainside Middle School,All Students,Middle,1723,2363,72.9
2024,102807,Freeman High School,All Students,High,731,887,82.4
2024,102851,West Valley High School,All Students,High,1405,2552,55.1
2024,102910,Kettle Falls Middle School,All Students,Middle,489,680,71.9
2024,103065,Shuksan Middle School,All Students,Middle,1085,1725,62.9
2024,103194,Eisenhower High School,All Students,High,3551,6735,52.7
2024,100466,Pioneer Middle School,All Students,Middle,1078,1774,60.8
2024,100788,Kahlotus Elem & High,All Students,High,106,146,72.6
2024,100835,Moses Lake High School,All Students,High,3087,6118,50.5
2024,101245,Islander Middle School,All Students,Middle,2599,2866,90.7
2024,101499,Highland Terrace Elementary,All Students,High,881,1032,85.4
2024,101528,Redmond Middle School,All Students,Middle,2437,2982,81.7
2024,101578,Meridian Middle School,All Students,Middle,1312,1815,72.3
2024,101707,North Kitsap High School,All Students,High,2335,3273,71.3
2024,101722,Central Kitsap Middle School,All Students,Middle,1615,2022,79.9
2024,101828,Mossyrock Jr./Sr. High School,All Students,High,617,829,74.4
2024,101875,Centralia Middle School,All Students,Middle,986,1617,61.0
2024,101913,Shelton High School,All Students,High,1962,4495,43.6
2024,102144,Meeker Middle School,All Students,Middle,1271,1846,68.9
2024,102146,Dr. Dolores Silas High School,All Students,High,2056,3455,59.5
2024,102185,Sumner High School,All Students,High,3454,5487,62.9
2024,102226,Hudtloff Middle School,All Students,Middle,1140,1887,60.4
2024,102295,Bethel Middle School,All Students,Middle,1148,2123,54.1
2024,102449,Evergreen Middle School,All Students,Middle,1752,2852,61.4
2024,102722,Shaw Middle School,All Students,Middle,1207,2035,59.3
2024,102723,Glover Middle School,All Students,Middle,1016,1697,59.9
2024,102793,Bowdish Middle School,All Students,Middle,941,1271,74.0
2024,102858,Deer Park Middle School,All Students,Middle,942,1460,64.5
2024,100349,Highland Elementary,All Students,High,542,827,65.5
2024,100366,Highlands Middle School,All Students,Middle,1495,2302,64.9
2024,100441,CASHMERE HIGH SCHOOL,All Students,High,1301,1525,85.3
2024,100783,Connell High School,All Students,High,1327,1875,70.8
2024,100809,Warden High School,All Students,High,525,905,58.0
2024,100954,Chimacum Junior/Senior High School,All Students,Middle,407,795,51.2
2024,101123,Ingraham High School,All Students,High,2985,4379,68.2
2024,101124,Whitman Middle School,All Students,Middle,1661,2039,81.5
2024,101291,Mount Rainier High School,All Students,High,3196,5578,57.3
2024,101334,Dimmitt Middle School,All Students,Middle,1216,2036,59.7
2024,101367,Sammamish Senior High,All Students,High,2920,4028,72.5
2024,101368,Tyee Middle School,All Students,Middle,2667,2831,94.2
2024,101999,Naselle-Grays River Valley Jr Sr High Schools,All Students,High,328,577,56.8
2024,102275,Morris Ford Middle School,All Students,Middle,1736,2742,63.3
2024,102528,Mountlake Terrace High School,All Students,High,2987,4234,70.5
2024,102885,Colville Senior High School,All Students,High,973,1552,62.7
2024,102903,Mary Walker High School,All Students,High,230,452,50.9
2024,103241,Harrison Middle School,All Students,Middle,1726,2560,67.4
2024,103264,Granger High School,All Students,High,660,1321,50.0
2024,100431,Entiat Middle and High School,All Students,Middle,375,500,75.0
2024,100484,Stevens Middle School,All Students,Middle,980,1491,65.7
2024,100564,Hockinson Middle School,All Students,Middle,1044,1430,73.0
2024,100597,Covington Middle School,All Students,Middle,1433,2763,51.9
2024,100712,Coweeman Middle School,All Students,Middle,1075,1609,66.8
2024,100765,Stevens Middle School,All Students,Middle,1926,2946,65.4
2024,101125,Rainier Beach High School,All Students,High,1331,2433,54.7
2024,101231,Enumclaw Sr High School,All Students,High,2707,4088,66.2
2024,101292,Pacific Middle School,All Students,Middle,1138,1988,57.2
2024,101371,Chinook Middle School,All Students,Middle,2072,2423,85.5
2024,101437,Summit Trail Middle School,All Students,Middle,2715,3335,81.4
2024,101501,Shorecrest High School,All Students,High,2859,4556,62.8
2024,101635,Kenmore Middle School,All Students,Middle,1714,2207,77.7
2024,102530,Meadowdale Middle School,All Students,Middle,1651,2217,74.5
2024,102584,Marysville Middle School,All Students,Middle,1138,2046,55.6
2024,102724,Sacajawea Middle School,All Students,Middle,1978,2606,75.9
2024,102829,East Valley High School,All Students,High,1841,2841,64.8
2024,102928,Chinook Middle School,All Students,Middle,1555,2347,66.3
2024,102950,Tumwater High School,All Students,High,2452,3365,72.9
2024,103142,Colfax High School,All Students,High,610,781,78.1
2024,103197,Wilson Middle School,All Students,Middle,1746,2580,67.7
2024,100468,Orchard Middle School,All Students,Middle,797,1251,63.7
2024,100570,La Center Middle School,All Students,Middle,996,1264,78.8
2024,100732,Eastmont Junior High,All Students,Middle,1392,2443,57.0
2024,100844,Ephrata Middle School,All Students,Middle,961,1375,69.9
2024,100907,Wishkah Valley Elementary/High School,All Students,High,327,505,64.8
2024,101192,Lakota Middle School,All Students,Middle,1230,1976,62.2
2024,101463,Issaquah High School,All Students,High,5624,7409,75.9
2024,101502,Kellogg Middle School,All Students,Middle,2321,3002,77.3
2024,101792,Bickleton Elementary & High Schl,All Students,High,272,316,86.1
2024,101809,Goldendale Middle School,All Students,Middle,488,792,61.6
2024,101813,Wayne M Henkle Middle School,All Students,Middle,388,547,70.9
2024,102148,Mount Tahoma High School,All Students,High,1970,4298,45.8
2024,102277,Perry G Keithley Middle School,All Students,Middle,1564,2487,62.9
2024,102450,Cascade High School,All Students,High,3057,5316,57.5
2024,102475,Lake Stevens Middle School,All Students,Middle,1499,2069,72.5
2024,102727,Ferris High School,All Students,High,3418,5014,68.2
2024,102728,Salk Middle School,All Students,Middle,1668,2116,78.8
2024,102795,University High School,All Students,High,2618,4402,59.5
2024,102837,Liberty High School,All Students,High,367,540,68.0
2024,103131,Tekoa High School,All Students,High,167,275,60.7
2024,103138,Lincoln Middle School,All Students,Middle,1418,1804,78.6
2024,100506,Clallam Bay High & Elementary,All Students,High,220,349,63.0
2024,100540,Columbia River High,All Students,High,2340,3489,67.1
2024,101193,Evergreen Middle School,All Students,Middle,1467,2232,65.7
2024,101337,Nelsen Middle School,All Students,Middle,1958,2788,70.2
2024,101375,Tillicum Middle School,All Students,Middle,1951,2149,90.8
2024,102051,Aylen Jr High,All Students,High,1376,2169,63.4
2024,102149,Truman Middle School,All Students,Middle,962,1441,66.8
2024,102235,Lakes High School,All Students,High,2289,3741,61.2
2024,102324,Glacier Middle School,All Students,Middle,2132,2939,72.5
2024,102536,Meadowdale High School,All Students,High,3045,4544,67.0
2024,102864,Riverside Middle School,All Students,Middle,734,964,76.1
2024,103004,Wahkiakum High School,All Students,High,356,486,73.3
2024,103019,Walla Walla High School,All Students,High,3262,4855,67.2
2024,100334,McFarland Middle School,All Students,Middle,1639,2218,73.9
2024,100369,Park Middle School,All Students,Middle,1456,2172,67.0
2024,100675,Cascade Middle School,All Students,Middle,933,1416,65.9
2024,100868,J M Weatherwax High School,All Students,High,1628,2695,60.4
2024,101131,Nathan Hale High School,All Students,High,2249,3338,67.4
2024,101297,Tyee High School,All Students,High,1065,2084,51.1
2024,101379,Newport Senior High School,All Students,High,4999,5483,91.2
2024,101640,Canyon Park Middle School,All Students,Middle,2191,2723,80.5
2024,101803,Klickitat Elem & High,All Students,High,174,275,63.3
2024,102188,Sumner Middle School,All Students,Middle,1476,2124,69.5
2024,102237,Thomas Middle School,All Students,Middle,1947,2987,65.2
2024,102897,Columbia High And Elementary,All Students,High,139,377,36.9
2024,102999,Tenino High School,All Students,High,677,1143,59.2
2024,103020,Garrison Middle School,All Students,Middle,1192,1764,67.6
2024,100415,Richland High School,All Students,High,4612,6548,70.4
2024,100821,Royal High School,All Students,High,890,1666,53.4
2024,101134,McClure Middle School,All Students,Middle,1093,1340,81.6
2024,101408,Cedarcrest High School,All Students,High,2082,2804,74.3
2024,101531,Redmond High School,All Students,High,4803,6720,71.5
2024,102853,Centennial Middle School,All Students,Middle,974,1669,58.4
2024,103026,John Sager Middle School,All Students,Middle,600,1077,55.7
2024,100543,Jason Lee Middle School,All Students,Middle,991,1700,58.3
2024,100639,Laurin Middle School,All Students,Middle,1775,2201,80.6
2024,100698,Woodland High School,All Students,High,1394,1954,71.3
2024,103951,Raisbeck Aviation High School,All Students,High,1019,1225,83.2
2024,103961,Republic Middle School,All Students,Middle,83,168,49.4
2024,102543,Alderwood Middle School,All Students,Middle,1605,2218,72.4
2024,100449,Cascade High School,All Students,High,814,1212,67.2
2024,102797,Greenacres Middle School,All Students,Middle,1037,1548,67.0
2024,103040,Prescott High School,All Students,High,81,179,45.3
2024,103069,Sehome High School,All Students,High,2488,3540,70.3
2024,100756,Republic Senior High School,All Students,High,134,305,43.9
2024,100897,Taholah High School,All Students,High,66,207,31.9
2024,101201,Thomas Jefferson High School,All Students,High,3164,5437,58.2
2024,101383,Interlake Senior High School,All Students,High,3765,4807,78.3
2024,101535,Finn Hill Middle School,All Students,Middle,1528,2037,75.0
2024,101839,Winlock Senior High,All Students,High,508,694,73.2
2024,102177,Curtis Senior High,All Students,High,3129,4100,76.3
2024,102239,Lochburn Middle School,All Students,Middle,1024,1608,63.7
2024,102817,Cheney High School,All Students,High,2725,4397,62.0
2024,102930,Nisqually Middle School,All Students,Middle,1646,2574,63.9
2024,102951,Tumwater Middle School,All Students,Middle,1416,1882,75.2
2024,103199,Lewis & Clark Middle School,All Students,Middle,1494,2568,58.2
2024,100822,Royal Middle School,All Students,Middle,647,895,72.3
2024,100878,Hoquiam High School,All Students,High,833,1294,64.4
2024,101203,Sacajawea Middle School,All Students,Middle,1369,2118,64.6
2024,101342,Hazen Senior High School,All Students,High,3598,5589,64.4
2024,101384,Odle Middle School,All Students,Middle,2510,2777,90.4
2024,101467,Maywood Middle School,All Students,Middle,2227,2502,89.0
2024,101586,Kentridge High School,All Students,High,4382,6190,70.8
2024,101817,Lyle Middle School,All Students,Middle,51,128,39.8
2024,102055,Gov John Rogers High School,All Students,High,3304,5226,63.2
2024,102279,Washington High School,All Students,High,1856,3110,59.7
2024,102549,Brier Terrace Middle School,All Students,Middle,1590,2030,78.3
2024,101312,McMurray Middle School,All Students,Middle,782,1063,73.6
2024,101505,Albert Einstein Middle School,All Students,Middle,2516,3081,81.7
2024,101752,Cedar Heights Middle School,All Students,Middle,1251,2003,62.5
2024,102493,Mariner High School,All Students,High,4078,6486,62.9
2024,102972,Reeves Middle School,All Students,Middle,978,1166,83.9
2024,101208,Kilo Middle School,All Students,Middle,1210,1914,63.2
2024,101541,Rose Hill Middle School,All Students,Middle,2173,2772,78.4
2024,102933,Timberline High School,All Students,High,2653,4266,62.2
2024,102974,Washington Middle School,All Students,Middle,2008,2287,87.8
2024,100370,Kamiakin High School,All Students,High,4012,5661,70.9
2024,101346,Lindbergh Senior High School,All Students,High,2433,3813,63.8
2024,102056,Ballou Jr High,All Students,High,1682,2684,62.7
2024,102297,Spanaway Middle School,All Students,Middle,1224,2223,55.1
2024,102453,Eisenhower Middle School,All Students,Middle,1959,2679,73.1
2024,102553,College Place Middle School,All Students,Middle,1002,1404,71.4
2024,102554,Lynnwood High School,All Students,High,2716,4081,66.6
2024,102737,Garry Middle School,All Students,Middle,988,1651,59.8
2024,103084,Vista Middle School,All Students,Middle,1155,1655,69.8
2024,101592,Meeker Middle School,All Students,Middle,1442,2075,69.5
2024,101210,Decatur High School,All Students,High,2189,4057,54.0
2024,101544,Juanita High School,All Students,High,3592,5099,70.4
2024,101143,Aki Kurose Middle School,All Students,Middle,1593,2333,68.3
2024,101144,Alan T. Sugiyama High School,All Students,High,19,119,16.0
2024,100600,Cascade Middle School,All Students,Middle,1376,2636,52.2
2024,100884,North Beach Junior High School,All Students,Middle,271,457,59.3
2024,101643,Leota Middle School,All Students,Middle,2112,2516,83.9
2024,101724,Fairview Middle School,All Students,Middle,1210,1847,65.5
2024,103000,Tenino Middle School,All Students,Middle,572,972,58.8
2024,103091,Blaine Middle School,All Students,Middle,900,1397,64.4
2024,102335,Surprise Lake Middle School,All Students,Middle,1448,1921,75.4
2024,102427,Wind River Middle School,All Students,Middle,365,599,60.9
2024,102411,La Venture Middle School,All Students,Middle,1412,2139,66.0
2024,102886,Colville Junior High School,All Students,Middle,630,1147,54.9
2024,100417,Hanford High School,All Students,High,4101,5762,71.2
2024,102777,Northwood Middle School,All Students,Middle,1785,2398,74.4
2024,102556,Scriber Lake High School,All Students,High,182,606,30.0
2024,101546,Emerson High School,All Students,High,29,171,17.0
2024,100869,Harbor Junior/Senior High School,All Students,Middle,44,405,10.9
2024,101147,Nova High School,All Students,High,797,821,97.1
2024,101472,Pine Lake Middle School,All Students,Middle,2503,2749,91.1
2024,102158,Foss High School,All Students,High,886,1878,47.2
2024,102799,Evergreen Middle School,All Students,Middle,1509,1929,78.2
2024,100653,View Ridge Middle School,All Students,Middle,1266,1877,67.4
2024,102639,Lakewood Middle School,All Students,Middle,1048,1868,56.1
2024,102904,Springdale Middle School,All Students,Middle,180,320,56.3
2024,101212,Illahee Middle School,All Students,Middle,1245,2081,59.8
2024,102401,La Conner Middle,All Students,Middle,211,393,53.7
2024,100549,Gaiser Middle School,All Students,Middle,1233,2333,52.9
2024,100810,Warden Middle School,All Students,Middle,465,682,68.2
2024,100769,New Horizons High School,All Students,High,531,1249,42.5
2024,102800,Mica Peak High School,All Students,High,189,378,50.0
2024,101507,Shorewood High School,All Students,High,3044,4668,65.2
2024,101548,Kamiakin Middle School,All Students,Middle,1307,1880,69.5
2024,100419,Enterprise Middle School,All Students,Middle,1469,2137,68.7
2024,103104,Meridian Middle School,All Students,Middle,790,1111,71.1
2024,100550,Lewis and Clark High School,All Students,High,158,264,59.8
2024,101439,Maple View Middle School,All Students,Middle,2407,2997,80.3
2024,100928,North Whidbey Middle School,All Students,Middle,1593,2256,70.6
2024,102976,Capital High School,All Students,High,2817,3995,70.5
2024,100390,Kiona-Benton City Middle School,All Students,Middle,717,1005,71.3
2024,101473,Liberty Sr High School,All Students,High,3742,4511,83.0
2024,102765,Medical Lake Middle School,All Students,Middle,953,1170,81.5
2024,102012,Sadie Halstead Middle School,All Students,Middle,564,885,63.7
2024,100690,Castle Rock Middle School,All Students,Middle,658,1024,64.3
2024,102060,E B Walker High School,All Students,High,56,406,13.8
2024,101846,Toledo Middle School,All Students,Middle,416,532,78.2
2024,102629,High School Re Entry,All Students,High,59,81,72.8
2024,100642,Pleasant Valley Middle,All Students,Middle,888,1223,72.6
2024,100486,Lincoln High School,All Students,High,118,210,56.2
2024,100934,Coupeville Middle School,All Students,Middle,443,669,66.2
2024,100658,Dayton Middle School,All Students,Middle,147,241,61.0
2024,101648,Northshore Middle School,All Students,Middle,2005,2569,78.0
2024,103281,Pace Alternative High School,All Students,High,88,296,29.7
2024,100373,Desert Hills Middle School,All Students,Middle,2210,2662,83.0
2024,100395,Finley Middle School,All Students,Middle,461,680,67.8
2024,100607,Legacy High School,All Students,High,899,1235,72.8
2024,103033,Columbia High School,All Students,High,422,671,62.9
2024,100608,Wyeast Middle School,All Students,Middle,1344,2384,56.4
2024,103211,East Valley Central Middle School,All Students,Middle,1699,2472,68.7
2024,101167,Washington Middle School,All Students,Middle,1274,1681,75.8
2024,102260,Gig Harbor High,All Students,High,3293,4299,76.6
2024,101729,Olympic High School,All Students,High,2327,3466,67.1
2024,100643,Prairie High School,All Students,High,3072,4524,67.9
2024,102160,Oakland High School,All Students,High,46,448,10.3
2024,102657,Granite Falls Middle School,All Students,Middle,1050,1485,70.7
2024,102859,Deer Park High School,All Students,High,1517,2070,73.3
2024,101597,Mattson Middle School,All Students,Middle,1459,2018,72.3
2024,101598,Kentwood High School,All Students,High,3326,5566,59.8
2024,102028,Steilacoom High,All Students,High,2129,2951,72.1
2024,102191,Lakeridge Middle School,All Students,Middle,1530,2222,68.9
2024,102459,Sequoia High School,All Students,High,146,499,29.3
2024,102477,North Lake Middle School,All Students,Middle,1882,2412,78.0
2024,101757,John Sedgwick Middle School,All Students,Middle,1486,2167,68.6
2024,102630,Valley View Middle School,All Students,Middle,1537,1943,79.1
2024,101556,Evergreen Middle School,All Students,Middle,1997,2346,85.1
2024,100942,South Whidbey High School,All Students,High,677,1145,59.1
2024,102261,Key Peninsula Middle School,All Students,Middle,888,1365,65.1
2024,102302,Spanaway Lake High School,All Students,High,2718,5360,50.7
2024,100609,Mountain View High School,All Students,High,2775,4878,56.9
2024,101557,Northstar Middle School,All Students,Middle,240,266,90.2
2024,102064,Ferrucci Jr High,All Students,High,1522,2503,60.8
2024,102804,Horizon Middle School,All Students,Middle,1101,1480,74.4
2024,102304,Cedarcrest Middle School,All Students,Middle,1363,2253,60.5
2024,101973,Tonasket Middle School,All Students,Middle,425,717,59.3
2024,103097,Lynden High School,All Students,High,2275,2891,78.7
2024,102640,Lakewood High School,All Students,High,1509,2585,58.4
2024,102911,Kettle Falls High School,All Students,High,506,721,70.2
2024,100583,Jemtegaard Middle School,All Students,Middle,850,1363,62.4
2024,100612,Pacific Middle School,All Students,Middle,1699,2664,63.8
2024,101236,Enumclaw Middle School,All Students,Middle,1166,1540,75.7
2024,100722,Bridgeport Middle School,All Students,Middle,544,554,98.2
2024,100752,Inchelium Middle School,All Students,Middle,91,143,63.6
2024,102263,Kopachuck Middle School,All Students,Middle,1098,1387,79.2
2024,101983,Ilwaco High School,All Students,High,510,906,56.3
2024,101958,Brewster Middle School,All Students,Middle,595,735,81.0
2024,102838,Liberty Jr High & Elementary,All Students,High,1006,1202,83.7
2024,102866,Riverside High School,All Students,High,1195,1438,83.1
2024,102318,Eatonville Middle School,All Students,Middle,645,1267,50.9
2024,102497,Explorer Middle School,All Students,Middle,1790,2519,71.1
2024,102878,Wellpinit Middle School,All Students,Middle,88,266,33.1
2024,101945,Omak Middle School,All Students,Middle,651,1069,60.9
2024,100895,Elma Middle School,All Students,Middle,760,1113,68.3
2024,102498,ACES High School,All Students,High,154,537,28.7
2024,101732,Ridgetop Middle School,All Students,Middle,1867,2269,82.3
2024,100796,Wahluke High School,All Students,High,1567,2368,66.2
2024,100437,Chelan High School,All Students,High,1082,1328,81.5
2024,102207,Orting Middle School,All Students,Middle,1368,1950,70.2
2024,102633,AIM High School,All Students,High,172,537,32.0
2024,102648,Sultan Senior High School,All Students,High,1161,1730,67.1
2024,101947,Highlands (Closed after 2022-2023 school year),All Students,High,26,57,45.6
2024,102567,Weston High School,All Students,High,108,379,28.5
2024,101918,Choice Middle and High School,All Students,Middle,416,654,63.6
2024,100422,Rivers Edge High School,All Students,High,405,696,58.2
2024,101861,Chehalis Middle School,All Students,Middle,1346,1995,67.5
2024,102939,South Sound High School (Closed after 2019-2020 school year),All Students,High,,,
2024,101409,Tolt Middle School,All Students,Middle,1532,1957,78.3
2024,102996,Rochester High School,All Students,High,1068,1805,59.2
2024,102756,Lakeside High School,All Students,High,1252,1506,83.1
2024,102463,Heatherwood Middle School,All Students,Middle,2346,3021,77.7
2024,101850,Onalaska Middle School,All Students,Middle,446,614,72.6
2024,101710,Kingston Middle School,All Students,Middle,964,1471,65.5
2024,101919,Oakland Bay Junior High School,All Students,Middle,935,1775,52.7
2024,101840,Winlock Middle School,All Students,Middle,428,568,75.4
2024,101656,Skyview Middle School,All Students,Middle,2909,3522,82.6
2024,101429,Rainier Middle School,All Students,Middle,1788,2940,60.8
2024,101562,Inglewood Middle School,All Students,Middle,3116,3669,84.9
2024,102265,Harbor Ridge Middle School,All Students,Middle,1386,1781,77.8
2024,102636,Centennial Middle School,All Students,Middle,1668,2232,74.7
2024,101452,Chief Kanim Middle School,All Students,Middle,1356,1725,78.6
2024,100450,Icicle River Middle School,All Students,Middle,527,815,64.7
2024,100558,Alki Middle School,All Students,Middle,1394,1875,74.3
2024,102310,Frontier Middle School,All Students,Middle,1267,1993,63.6
2024,102942,Komachin Middle School,All Students,Middle,1349,2021,66.7
2024,102202,North Tapps Middle School,All Students,Middle,1236,1562,79.1
2024,102504,Voyager Middle School,All Students,Middle,1999,2750,72.7
2024,102943,River Ridge High School,All Students,High,2585,4538,57.0
2024,100382,Horse Heaven Hills Middle School,All Students,Middle,1875,2549,73.6
2024,102505,Harbour Pointe Middle School,All Students,Middle,2069,2515,82.3
2024,100572,La Center High School,All Students,High,1066,1608,66.3
2024,100470,Foothills Middle School,All Students,Middle,1176,1743,67.5
2024,102506,Kamiak High School,All Students,High,5242,6826,76.8
2024,102465,Gateway Middle School,All Students,Middle,2496,2918,85.5
2024,102466,Henry M. Jackson High School,All Students,High,4718,6552,72.0
2024,101565,Eastlake High School,All Students,High,5429,7072,76.8
2024,101610,Cedar Heights Middle School,All Students,Middle,1425,2193,65.0
2024,101683,Mountain View Middle School,All Students,Middle,1424,2511,56.7
2024,103072,Kulshan Middle School,All Students,Middle,1244,1879,66.2
2024,102069,Doris Stahl Junior High,All Students,Middle,1663,2761,60.2
2024,100648,Summit View High School,All Students,High,887,943,94.1
2024,102957,George Bush Middle School,All Students,Middle,1778,2314,76.8
2024,102747,Chase Middle School,All Students,Middle,1585,2264,70.0
2024,101477,Beaver Lake Middle School,All Students,Middle,2171,2440,89.0
2024,101431,Mt Baker Middle School,All Students,Middle,1865,2911,64.1
2024,102982,Thurgood Marshall Middle School,All Students,Middle,1085,1348,80.5
2024,101432,Auburn Riverside High School,All Students,High,3226,5712,56.5
2024,100967,Blue Heron Middle School,All Students,Middle,395,742,53.2
2024,103272,Zillah Middle School,All Students,Middle,724,942,76.9
2024,100384,Southridge High School,All Students,High,3547,5085,69.8
2024,101613,Northwood Middle School,All Students,Middle,1559,2031,76.8
2024,102782,Mt Spokane High School,All Students,High,3324,4543,73.2
2024,101615,Kentlake High School,All Students,High,2520,4539,55.5
2024,101479,Skyline High School,All Students,High,5533,6632,83.4
2024,100616,Frontier Middle School,All Students,Middle,1532,2404,63.7
2024,102958,A G West Black Hills High School,All Students,High,1777,2474,71.8
2024,102197,Mountain View Middle School,All Students,Middle,1792,2624,68.3
2024,100560,Discovery Middle School,All Students,Middle,845,1637,51.6
2024,100561,Skyview High School,All Students,High,3945,5241,75.3
2024,101695,Woodward Middle School,All Students,Middle,1190,1466,81.2
2024,100627,Skyridge Middle School,All Students,Middle,1807,2171,83.2
2024,102415,Mount Baker Middle School,All Students,Middle,1208,1920,62.9
2024,102667,Port Susan Middle School,All Students,Middle,1052,1547,68.0
2024,103073,Squalicum High School,All Students,High,2363,3806,62.1
2024,101660,Timbercrest Middle School,All Students,Middle,1740,2076,83.8
2024,100499,Sequim Middle School,All Students,Middle,1134,1705,66.5
2024,102757,Lakeside Middle School,All Students,Middle,758,962,78.8
2024,100618,Heritage High School,All Students,High,2009,5002,40.2
2024,102614,Monroe High School,All Students,High,2587,4560,56.7
2024,102482,Highland Elementary,All Students,High,1361,1804,75.4
2024,102071,Emerald Ridge High School,All Students,High,2812,4564,61.6
2024,102615,Hidden River Middle School,All Students,Middle,683,959,71.2
2024,100584,Canyon Creek Middle School,All Students,Middle,418,620,67.4
2024,101238,Thunder Mountain Middle School,All Students,Middle,1125,1430,78.7
2024,103087,Horizon Middle School,All Students,Middle,836,1320,63.3
2024,102345,Orcas Island Middle School,All Students,Middle,216,320,67.5
2024,103260,Highland High School,All Students,High,849,1134,74.9
2024,100620,Shahala Middle School,All Students,Middle,1794,2624,68.4
2024,100775,Ellen Ochoa Middle School,All Students,Middle,2090,2751,76.0
2024,100629,Camas High School,All Students,High,4927,5965,82.6
2024,100567,Hockinson High School,All Students,High,1434,2035,70.5
2024,102329,White River High School,All Students,High,2740,3927,69.8
2024,101226,Todd Beamer High School,All Students,High,2022,4148,48.7
2024,104139,Mt. Solo Middle School,All Students,Middle,830,1237,67.1
2024,103836,Angelo Giaudrone Middle School,All Students,Middle,710,1438,49.4
2024,103864,Cougar Mountain Middle School,All Students,Middle,1034,1878,55.1
2024,103859,Columbia Junior High School,All Students,Middle,1268,1769,71.7
2024,104138,Bonney Lake High School,All Students,High,3118,4971,62.7
2024,103835,Olympic Middle School,All Students,Middle,938,1722,54.5
2024,103919,Thomas Jefferson Middle School,All Students,Middle,1553,2297,67.6
2024,103957,Freeman Middle School,All Students,Middle,540,647,83.5
2024,104002,Haller Middle School,All Students,Middle,1155,1774,65.1
2024,104031,Mill Creek Middle School,All Students,Middle,1434,2543,56.4
2024,104146,Sequoyah Middle School,All Students,Middle,990,1684,58.8
2024,104149,Taholah Elementary & Middle School,All Students,Middle,146,336,43.5
2024,104150,Graham Kapowsin High School,All Students,High,3336,6156,54.2
2024,104154,Auburn Mountainview High School,All Students,High,2531,4882,51.8
2024,104156,Park Place Middle School,All Students,Middle,1644,2281,72.1
2024,104201,Sierra Vista Middle School,All Students,Middle,1313,1927,68.1
2024,104204,Ridgeline Middle School,All Students,Middle,1220,1783,68.4
2024,104207,Liberty Middle School,All Students,Middle,1598,2065,77.4
2024,104342,Kingston High School,All Students,High,1158,1869,62.0
2024,104348,Daybreak Middle,All Students,Middle,951,1358,70.0
2024,104420,Cavelero Mid High School,All Students,High,3200,4562,70.1
2024,104471,Hayes Freedom High School,All Students,High,252,511,49.3
2024,104484,Phoenix High School,All Students,High,81,194,41.8
2024,104613,Union High School,All Students,High,3765,6119,61.5
2024,104722,Glacier Peak High School,All Students,High,3711,4921,75.4
2024,104732,Tukes Valley Middle School,All Students,Middle,941,1407,66.9
2024,104740,Chief Umtuch Middle,All Students,Middle,1242,1650,75.3
2024,104746,Twin Falls Middle School,All Students,Middle,1303,1648,79.1
2024,104768,Glacier View Junior High,All Students,Middle,1628,2555,63.7
2024,104777,Wahluke Junior High,All Students,Middle,1347,1768,76.2
2024,104881,Career Academy at Truman High School,All Students,High,28,280,10.0
2024,104883,Chiawana Senior High School,All Students,High,7166,9503,75.4
2024,104896,First Creek Middle School,All Students,Middle,906,1818,49.8
2024,104897,Crossroads High School,All Students,High,215,643,33.4
2024,104924,Puget Sound High School,All Students,High,13,53,24.5
2024,104953,Cap Sante High School,All Students,High,160,224,71.4
2024,105133,Pacific Cascade Middle School,All Students,Middle,1826,2048,89.2
2024,105208,Liberty Middle School,All Students,Middle,1586,2787,56.9
2024,105222,Marysville Pilchuck High School,All Students,High,1923,3570,53.9
2024,105266,Paideia High School,All Students,High,86,147,58.5
2024,105269,Selkirk Middle School,All Students,Middle,153,191,80.1
2024,105270,Selkirk High School,All Students,High,154,218,70.6
2024,105413,WINDWARD HIGH SCHOOL (Closed after 2020-2021 school year),All Students,High,,,
2024,105470,Nikola Tesla STEM High School,All Students,High,1493,1807,82.6
2024,105485,Westwood Middle School,All Students,Middle,1208,1845,65.5
2024,105524,Talley High School,All Students,High,1027,1346,76.3
2024,105530,Manson Middle School,All Students,Middle,345,442,78.1
2024,105533,Mabton Jr. Sr. High,All Students,High,750,1148,65.3
2024,105541,Lind-Ritzville Middle School,All Students,Middle,104,156,66.7
2024,105556,Lind Ritzville Middle School,All Students,Middle,179,288,62.2
2024,105625,Henrietta Lacks Health and Bioscience High School,All Students,High,867,1520,57.0
2024,105627,Discovery High School,All Students,High,72,271,26.6
2024,105677,Innovation High School,All Students,High,834,1586,52.6
2024,105772,East Valley Middle School,All Students,Middle,815,1289,63.2
2024,105777,Jane Addams Middle School,All Students,Middle,2198,2710,81.1
2024,105780,Endeavor Middle School,All Students,Middle,459,858,53.5
2024,105789,College Place High School,All Students,High,761,1474,51.6
2024,105795,Desert Oasis High School,All Students,High,142,385,36.9
2024,105890,Selah Middle School,All Students,Middle,1813,2680,67.6
2024,105913,Woodland Middle School,All Students,Middle,1623,2102,77.2
2024,105988,Gibson Ek High School,All Students,High,381,546,69.8
2024,105990,Chinook Middle School,All Students,Middle,2347,2699,87.0
2024,106003,Salish Middle School,All Students,Middle,1529,2311,66.2
2024,106012,Wellpinit Open Doors High School,All Students,High,221,227,97.4
2024,106061,Marysville Getchell High School,All Students,High,2616,4395,59.5
2024,106064,North Creek High School,All Students,High,4316,5452,79.2
2024,106067,Vera Risdon Middle School,All Students,Middle,1858,2400,77.4
2024,106068,Edmonds S. Meany Middle School,All Students,Middle,1026,1545,66.4
2024,106069,Robert Eagle Staff Middle School,All Students,Middle,1680,2095,80.2
2024,106076,Leona Libby Middle School,All Students,Middle,1852,2388,77.6
2024,106164,Discovery High School,All Students,High,478,607,78.7
2024,106165,Odyssey Middle School,All Students,Middle,705,841,83.8
2024,106176,Kalama High School,All Students,High,723,1059,68.3
2024,106200,Glacier Middle School,All Students,Middle,1567,2607,60.1
2024,106201,Selkirk Middle School,All Students,Middle,1312,1698,77.3
2024,106215,Lincoln High School,All Students,High,3912,4753,82.3
2024,106220,Highland Middle School,All Students,Middle,1678,2211,75.9
2024,106235,Tonasket Choice High School,All Students,High,26,66,39.4
2024,106247,Timberline Middle School,All Students,Middle,1924,2289,84.1
2024,106387,Innovation Lab High School,All Students,High,554,670,82.7
2024,106391,Lumen High School,All Students,High,24,115,20.9
2024,106403,Cedar High School,All Students,High,96,257,37.4
2024,106404,Highline Public Schools Virtual Academy,All Students,High,997,1203,82.9
2024,106406,Ray Reynolds Middle School,All Students,Middle,2995,3859,77.6
2024,106409,Bryant Montessori Middle School,All Students,Middle,169,371,45.6
2024,106427,Spokane Valley High School,All Students,High,748,834,89.7
2024,106690,Ridgeline High School,All Students,High,2437,3910,62.3
2024,106745,Maritime High School,All Students,High,187,246,76.0
2024,106747,Cougar Mountain Middle School,All Students,Middle,1587,1927,82.4
2024,106761,Prescott Middle School,All Students,Middle,96,137,70.1
2024,106766,Pauline Flett Middle School,All Students,Middle,660,983,67.1
2024,106768,Denny Yasuhara Middle School,All Students,Middle,553,991,55.8
2024,106769,Hunt Middle School,All Students,Middle,727,1123,64.7
2024,106775,Sterling Junior High School,All Students,Middle,1260,2185,57.7
2024,106789,Intergenerational High School,All Students,High,102,201,50.7
2024,106916,Endeavor High School,All Students,High,263,420,62.6
2024,106919,Carla Peperzak Middle School,All Students,Middle,381,508,75.0
2024,106920,Marysville Online High School,All Students,High,72,86,83.7
2024,106958,West Auburn Senior High School,All Students,High,332,544,61.0
2024,106968,Deer Park Achievement High School,All Students,High,106,122,86.9
2024,106971,Canyon Ridge Middle School,All Students,Middle,496,811,61.2
2024,106978,Highlands,All Students,High,59,67,88.1
